place_id,neighborhood,fire_incidents
ChIJhYJfjL31NIgR3phOvhgBNEs,Sheraden,32
ChIJb1vGv1_2NIgRTz6RVpyC9Do,Oakwood,5
ChIJb1vGv1_2NIgRHMolqSfzEd4,Oakwood,6
ChIJX9Zv-Zz2NIgRuL5tXjwo8mU,Elliott,31
ChIJPUHlkVH3NIgRMwVmDx22dPM,Crafton Heights,8
ChIJFboKMAD0NIgR3_ajWICnKI0,North Shore,10
ChIJb1vGv1_2NIgRenmWzsqUhas,Oakwood,5
ChIJJ8cTqwX0NIgRX60PcZPX4Qk,Central Northside,45
ChIJ7WeBIaf1NIgRUhUutFl8HT4,Brighton Heights,32
ChIJZ9HVIeX3NIgR-RdDK-aoOsM,West End,6
ChIJCZt9jGr0NIgRnHFkByewW6g,Marshall-Shadeland,35
ChIJ9a5DwUXxNIgRC6-yEQyMP8U,Mount Washington,8
ChIJNeHKtlTxNIgRckF-LWyvV9o,Downtown,29
ChIJz9L393j1NIgRCTArZ4XFi04,Perry South,18
ChIJW6W5FfzzNIgRi6lgJLW8Aho,North Shore,14
ChIJA7LQoAnxNIgRgz6A5pCAn5Y,Downtown,47
ChIJ5z5YBGzzNIgRu-3O-CYgRE8,East Allegheny,37
ChIJe4jpY2fxNIgRn_6d_xowFCY,Crawford-Roberts,36
ChIJ1_J7HkrxNIgRfXm2Q5-nXq8,Downtown,26
ChIJq6pqogL0NIgRHpeb1YPLYew,Chateau,21
ChIJ11rR6lfxNIgR03gTMwov9Cw,Downtown,83
ChIJx0xROVHxNIgRrOWSgKOkKQg,Downtown,42
ChIJA6GHZ8LzNIgRlmHwal0mXe4,Strip District,20
ChIJ1ap81jr3NIgRcMa0_B2Xiks,Brookline,22
ChIJb16-F93zNIgRHTza1dKHLho,Strip District,14
ChIJp9joIIzxNIgRDJd61ntI7Tg,Downtown,89
ChIJj9KN2XTzNIgRcQ9pa7ipKc4,East Allegheny,59
ChIJ65fOYW7xNIgRysm3Bt-J0tc,South Side Flats,61
ChIJK8_lkybyNIgR43zvp69dapA,North Oakland,30
ChIJbarnmffzNIgRTTHTIIPolZg,Central Northside,60
ChIJbYHoGSvyNIgRMM_kAcafwn0,North Oakland,33
ChIJzcfPD0LxNIgRtxMnMJi_aes,South Side Flats,34
ChIJU_bticTzNIgRITfeUtt1V5w,Strip District,8
ChIJ1Rs45933NIgRw9lKs0mGS0o,Fairywood,1
ChIJb1vGv1_2NIgRIDgpsjE9d3Q,Oakwood,5
ChIJsRlsnIr2NIgRhMWMKrdRWY4,Westwood,12
ChIJ7Qg5r9b1NIgRsfDQeFiPDQ0,Sheraden,21
ChIJX3TbmQT0NIgRjXCvau84uyM,Allegheny-West,31
ChIJVZKH5vDzNIgRtHfQm2LeeOE,East Allegheny,34
ChIJQ-R_o2n0NIgRDT40vwLXim8,Marshall-Shadeland,23
ChIJoYdANg_0NIgRPb8Dh39XL-Y,Central Northside,29
ChIJWdR2eVbxNIgRzpdEhWgxgmE,Downtown,95
ChIJr9-tVFfxNIgRUSGsRKuY5Bg,Downtown,54
ChIJMxT6nlPxNIgRFeNI5VxIRTk,Downtown,13
ChIJ0TrRNxXzNIgRAhNJBe7AZ0U,Strip District,19
ChIJ0QkVm4X1NIgRi5kgmNwBiIM,Allegheny Center,40
ChIJZXcN1HnzNIgR6bUI8nL1uV8,Central Northside,57
ChIJXd7742n3NIgRq9G16_xA6uI,Elliott,33
ChIJp7J-MaL1NIgRYr9GHwUs5Ls,Manchester,31
ChIJX5GVBIL1NIgRykfo3j2bR_Q,Chateau,16
ChIJi4fvJZb2NIgRn4e39Wyovvc,West End,4
ChIJaa78xV70NIgR2lYFoRs3cyU,Brighton Heights,11
ChIJLwV565z2NIgRIRvVCDCb7WI,Elliott,33
ChIJqTRpZFr0NIgRfB8sXNIOp3o,Brighton Heights,20
ChIJy5jq0TjxNIgRcTz4JoBNDgo,Allentown,63
ChIJb1vGv1_2NIgRSBcItOk_ru0,Oakwood,5
ChIJJZ5vVPX2NIgRSxdM1T5midk,Westwood,8
ChIJlRGtqor2NIgROYUiwpdjbGg,Westwood,10
ChIJ_8x4WV72NIgRdHZtt9X8GVU,Oakwood,3
ChIJt_Ur43L3NIgRacyHl8fofXc,Crafton Heights,7
ChIJu3SaTPX2NIgR74g_OkXoxZ0,Westwood,6
ChIJD2S7oJf2NIgRlyHw08SanEo,West End,8
ChIJOQEpVtn2NIgRYSWgTW5Jheg,Beechview,32
ChIJ07YvcLH2NIgRYuOrEBUNga0,Mount Washington,8
ChIJO_NPgjr3NIgRsh37RlCnxCg,Brookline,34
ChIJS2LvJBXxNIgRrTEEM5y0G4g,South Side Slopes,24
ChIJj3vuFwX3NIgRb1BDekR9gfQ,Banksville,4
ChIJNToRgcX1NIgR-GSNMKCtX1Y,Allegheny-West,31
ChIJz1P8hZz2NIgRRuLBP_kT7FA,Elliott,38
ChIJt62jMx30NIgRibh1mXpcjig,Chateau,14
ChIJnTohch30NIgR3yhnVJ8oJJc,Chateau,15
ChIJBST-0Jj2NIgRuZY91BqYQY0,West End,6
ChIJPz5dmKX2NIgRgcESndEXxLQ,Duquesne Heights,14
ChIJbdz5ZEv1NIgRB59fHPt9DgA,Chateau,15
ChIJ-QhLYVbxNIgR7Hk4Ca0Qesc,Downtown,97
ChIJixr3YwL0NIgRIM-xM8ZFYFE,North Shore,17
ChIJd7igQwT0NIgRioSao7dLIBc,Allegheny-West,35
ChIJQWJcZ0vxNIgR4EY0p31x-BU,Mount Washington,35
ChIJKcgUmvfzNIgRBLShl8PA9U8,Central Northside,59
ChIJrU-zYQT0NIgRDOEgCd7HCKk,Allegheny-West,35
ChIJje1fLV3zNIgRPJ7_uwJbcxI,North Shore,14
ChIJxTDgjgT0NIgRewoOyzRCUxE,Allegheny-West,30
ChIJe02f2ln0NIgRuSKZiAt1vyg,Brighton Heights,13
ChIJ61FkY1r0NIgRII7jzrAhpqM,Brighton Heights,22
ChIJNcn3HWj0NIgRSw7-siX98oE,Brighton Heights,32
ChIJDYClFV71NIgRhvMb_CtJ2L4,Perry North,26
ChIJHWATNfDzNIgRDHPJXMN4wFw,East Allegheny,49
ChIJm-T3ZwT0NIgRXhIHSZHyBB0,Allegheny-West,29
ChIJhxsVUjH1NIgRNfLs1waTrkc,Manchester,19
ChIJDS_4ZA_0NIgRm4werE0wkBo,California-Kirkbride,22
ChIJbXv84wX0NIgRocFxXgoWztk,Central Northside,38
ChIJaZkHl_f1NIgRDo8-Ih0S-68,Central Northside,25
ChIJV-WNXQT0NIgRIlshvd0VSxE,Allegheny-West,34
ChIJjwuJs67zNIgRf-pZyHcOnq0,Central Northside,60
ChIJ-2C3sPfzNIgRpVpqW11Hncs,East Allegheny,74
ChIJR4nVEVbxNIgRbbtd9j788xU,Downtown,76
ChIJ35Bl9PjzNIgRTIhia8PVFEY,Allegheny Center,35
ChIJGRG_kPrzNIgRJRT0EjM9vSI,East Allegheny,56
ChIJp2EIZfDzNIgRq-iQ1IuOs3Y,East Allegheny,49
ChIJZapX9vjzNIgRSu7rbfVfChA,Allegheny Center,43
ChIJ09EneFjxNIgRypwsHoGxIE8,Downtown,41
ChIJTySFk8PzNIgR9oYnssqat_A,Central Northside,78
ChIJl6nD-7HzNIgRcECP9TxqAgI,Allegheny Center,43
ChIJL9Eeh873NIgR2hDDPRrp9eQ,West End,8
ChIJT3VNbcL2NIgRJhpHdjLRND0,Banksville,2
ChIJa_26Rt32NIgR_dkqGwuJicE,Banksville,4
ChIJC2lwoS73NIgRD03ZeaPgShI,Duquesne Heights,9
ChIJi3B3Jdn2NIgRIBfXm2xDBdU,Beechview,27
ChIJwW2TOhvxNIgRjQgQNnvtL1g,Mount Washington,33
ChIJuWIkXnf3NIgRTkga-T2a3OU,Beechview,32
ChIJsZMZQkvxNIgRTT3U6FiRBx4,Mount Washington,40
ChIJNeGZU0rxNIgRF4szdKzPtMI,Mount Washington,32
ChIJs2Jlv1bxNIgR1BjwPx-efhY,Downtown,94
ChIJocY703XxNIgRA9d4UXqFr3Y,South Side Flats,13
ChIJEX3InVbxNIgR7Ks0egVltU0,Downtown,83
ChIJx5zxCnHxNIgRPH6fkywaXag,South Side Flats,50
ChIJp-Y2qlr3NIgRnaDZ8mfO25w,Beechview,9
ChIJVVUibMvzNIgRVZ1yKw3j6MI,Polish Hill,20
ChIJe3ympVbxNIgRq2bl_i37GQA,Downtown,86
ChIJw15qL3TxNIgR1-JYqkctWxo,South Side Flats,13
ChIJ9buawkvyNIgRtuSs0OqiK6I,Lower Lawrenceville,31
ChIJJdPcGIrzNIgR4he_3_nQQxM,Strip District,9
ChIJT1r2IFj3NIgRrJ8iwasf9HE,Beechview,9
ChIJ9xkce932NIgRSiyVq84hrKY,Banksville,9
ChIJP26l3tzzNIgRyle3s1NMfac,Beechview,13
ChIJUTCorzr3NIgRufBFZYqcUZU,Beechview,27
ChIJV5T8ZFj3NIgRwPq8B4iUjYQ,Banksville,2
ChIJ4122GCj3NIgR4EygOp9VQyw,Brookline,5
ChIJ9R6o7hz3NIgRoXHX6b9F_yI,Banksville,10
ChIJscaPKe_xNIgR2QpQkr3O8h8,South Shore,14
ChIJt1-O1Tr3NIgRuWJRAaD-mmc,Brookline,22
ChIJXTWUdlX3NIgRLsxLV-6novE,Beechview,10
ChIJv-X66E3xNIgR4rFcM-iZBxQ,South Shore,15
ChIJsb73t8v3NIgRXRpXRGzmj0U,Banksville,9
ChIJq8aTMiD3NIgRhl34BM3M62I,Beechview,16
ChIJnxGpywT3NIgR8_qyfVf3EM4,Banksville,7
ChIJsf3U_i7xNIgRxQxY564cOZI,Downtown,51
ChIJRVKiym7xNIgRPlAkUzhu6q4,South Side Flats,49
ChIJfQnDg-LzNIgRW_Yv4dBCzIc,Central Oakland,52
ChIJeSJPCur3NIgRG2JwDtlfD3s,Beechview,10
ChIJAUeyl8f3NIgRTwaDXz1HcGs,Brookline,23
ChIJPVFI4jD3NIgR5Jo9EvY00m8,Brookline,26
ChIJ1Vd4DgX3NIgRFCXOWfWXvOw,Banksville,5
ChIJ7UXxRAP0NIgRnHHdP7MB1zY,Chateau,43
ChIJ59EdawP0NIgRRbOjAheTl7U,Chateau,32
ChIJ0wO9t0b0NIgR1aZ3xP_Knco,Marshall-Shadeland,16
ChIJb6K0JAT0NIgRDyAPYKZrgVw,Allegheny-West,41
ChIJk17kWQL0NIgRMkFV0rbi3l0,North Shore,28
ChIJM_ImXwP0NIgRgEEMEoJeE9c,Chateau,41
ChIJBRq4_cX1NIgR_V4__5IL_-Q,Allegheny-West,34
ChIJ2_KpOwL0NIgRlwzYNY03vzI,North Shore,18
ChIJezxPEXzzNIgRRVigvGgRNHQ,North Shore,15
ChIJI2q7FAL0NIgRUoBKaGaPw3A,North Shore,19
ChIJg888LAD0NIgRv6CEQUat1uc,North Shore,5
ChIJkzZRclbxNIgRVOheuNrywO8,Downtown,90
ChIJHaLGRefzNIgRf_UaVEuRZtE,Downtown,94
ChIJK5NZfKLzNIgR6G1JvYJpRLw,Central Northside,63
ChIJU-E_KhvzNIgRfi53Eoj79i8,East Allegheny,52
ChIJ4ws4DVbxNIgRfdiGwIuzWB4,Downtown,86
ChIJ90_BBVbxNIgRMNH1vKBRHmc,Downtown,89
ChIJeXU5zVnxNIgR3UQGKB03IE8,Downtown,58
ChIJ4SPCK1HxNIgR1cH9Pmy4gFI,Downtown,84
ChIJReLa5-_zNIgRj2_pLh7ZKpQ,East Allegheny,42
ChIJsy6SvvfzNIgRTl_IG4-Rel8,Central Northside,68
ChIJxw4q8gP0NIgRe9Z24doswug,Allegheny-West,34
ChIJt1OJZVbxNIgRby17EsOaQl8,Downtown,98
ChIJ9y_Onk3yNIgRg1Zzijr0ge4,Central Lawrenceville,31
ChIJQaqAlUzxNIgRhBrec58hGCM,Mount Washington,36
ChIJYT9vcx30NIgRcIAOt5Q9ngM,Chateau,16
ChIJYwQ1VljxNIgRQTy1kUgaT0E,Downtown,39
ChIJN04B10nxNIgRJp6B4Afp9iI,West Oakland,63
ChIJ2YbrXVjxNIgRhCOLgZcNS4k,Downtown,39
ChIJS5rmxDr3NIgRUf_lWo0F_AU,Brookline,21
ChIJv_rbhDr3NIgRUBkvX7v9iiY,Brookline,33
ChIJr4Wg9TD3NIgR8jYspDUxnz8,Brookline,25
ChIJn-G15zD3NIgRr6pChHoTvvg,Brookline,27
ChIJQ9yvbpX3NIgRc042Rjs7NTk,Brookline,31
ChIJA05yFiD3NIgRgQjy44EeirI,Brookline,16
ChIJuXiLVh_3NIgR1gEbGJ7L4Ps,Beechview,14
ChIJzSivPST3NIgRi2_ge7NCRnM,Beechview,15
ChIJM0mc_tX3NIgRt5RrS_GeFIY,Brookline,25
ChIJXYG7tf73NIgRy-hEEhs2izg,Brookline,23
ChIJofC1eTD3NIgRdfPYN3H9CxI,Brookline,31
ChIJD-2ViDD3NIgRYov1UwTv3rg,Brookline,27
ChIJ3ejbFb_zNIgRbaGSDkFD6Jw,Troy Hill,22
ChIJQXXnMXXzNIgRfNk6_IE9l7g,Troy Hill,21
ChIJ81YsC1LyNIgRRnRiwcOybnk,Central Lawrenceville,32
ChIJm-4CqZzzNIgR7EX7MH7PMTg,Lower Lawrenceville,15
ChIJ41sM7mjzNIgRgxftFyYQwM0,Garfield,38
ChIJnUb3DUzzNIgRZorWWibf-lI,Strip District,6
ChIJw5DqBxHyNIgRFODaRgikWLg,Shadyside,30
ChIJ-6roCurzNIgRjTcSLTAsu9Y,Troy Hill,16
ChIJx_dVIsHzNIgRVOx-Y_MMsvQ,East Allegheny,64
ChIJyYvQIvzzNIgRxWHi73BFA8U,Central Northside,68
ChIJWc78NOLzNIgRcQKCaa4pSCU,Strip District,17
ChIJpc-qDFjxNIgRSxroybLDy4s,Downtown,44
ChIJZddMBN3zNIgRJiPR3CQJf-w,Strip District,15
ChIJ1QoHqfrzNIgRXO5PEaJO_vs,East Allegheny,57
ChIJQcMWoeLzNIgRHz4LnivIm98,Downtown,39
ChIJA8jyCVjxNIgRaTBDzIS-Fvg,Downtown,39
ChIJrwpSeeLzNIgRbnjwmHTf43k,Downtown,19
ChIJaxLB3NzzNIgRc7BqXp2MCR4,Strip District,15
ChIJMUZha1nzNIgRuii2YvwHVEE,Strip District,16
ChIJddZ3-lTxNIgRh9LKI1XZ1kY,Downtown,31
ChIJa7HnU_7zNIgRWgV7Uen_R4M,North Shore,22
ChIJvfMuIwD0NIgR_OKU1NP3Exw,North Shore,14
ChIJw7NZi__zNIgRwcp5kxJAErk,North Shore,13
ChIJRQEFlf7zNIgRZxLBLf1DxmA,North Shore,18
ChIJWWjFalTxNIgRZEwdzBj_toI,Downtown,53
ChIJc7hNuRj1NIgRDSy7LYfY3bI,North Shore,11
ChIJrd_MPQD0NIgRaQcAurQ7VPk,North Shore,10
ChIJp1tqyuvxNIgROzXlw3OKjeA,Downtown,93
ChIJSe13JrnxNIgRyRAtLq7DTp0,Downtown,33
ChIJa_ZAqf_zNIgRKc3voIHKeuM,North Shore,14
ChIJ__6MLQD0NIgR7tpx9fGzBjQ,North Shore,10
ChIJDQkHmlPxNIgR-RYTgv_3ExM,Downtown,25
ChIJLRZdz1bxNIgRliKBNNMrj_E,Downtown,96
ChIJJZ51f1bxNIgRI-T-G9szLw8,Downtown,91
ChIJMZ8fmvfzNIgRqO6p4m40WIw,Central Northside,59
ChIJYWwmlFbxNIgRyjrXVFPWaOU,Downtown,89
ChIJUQ8c81bxNIgRnioofxjN84M,Downtown,95
ChIJD_J0PCrxNIgROmvTjJtU6kE,Downtown,80
ChIJ8-GimDjxNIgRlApecn2qzWA,Downtown,14
ChIJLbPZlVbxNIgRUiWtcqhZS7k,Downtown,80
ChIJG461q1fxNIgRnD8-ZYNshCY,Downtown,97
ChIJfUvFfeLzNIgRJJG8TAOKGd8,Downtown,18
ChIJQ2ym507xNIgR7Un3eltN1Yk,South Oakland,5
ChIJnU-ekU3xNIgR8qOJqcNzFuw,South Shore,13
ChIJ62Pn2n33NIgRrYZKBe7etvk,Mount Washington,27
ChIJjcVAx03xNIgRSaYa9eOR2w4,South Shore,17
ChIJ3VDw7E7xNIgRUv1mm2F058s,South Shore,13
ChIJ28OHmk3xNIgRqZ-UsFZhcyY,South Shore,12
ChIJ2UjFe03xNIgRXZtF7LtXxG4,South Shore,18
ChIJPxm6vcfxNIgRojt2mErBxbY,South Shore,13
ChIJncbtvEzxNIgRtSOWudAmLC4,Mount Washington,36
ChIJ97bZIDvxNIgRldtplCLSAPI,Mount Washington,35
ChIJK0Gg3U3xNIgR91MmvokkqIE,South Shore,9
ChIJm2qSLZTxNIgR5kVTyhhdUug,Downtown,56
ChIJ-VSo4lDxNIgR5Um8EhNVwxI,Downtown,39
ChIJD6AqwRbxNIgRxgnRCFCakqw,Mount Washington,33
ChIJ2RRre0vxNIgRuxbJ4vUVihI,Mount Washington,35
ChIJlSvOwErxNIgR5OhwkzwKGwk,Mount Washington,28
ChIJPy82mmztNIgR7tCHRZTuVnc,Mount Washington,36
ChIJE59EiL_xNIgRXf3_akS30ws,Downtown,86
ChIJfc_Zu1bxNIgROLsTbfhJid0,Downtown,87
ChIJsZZF2lbxNIgRpdJqZpHqous,Downtown,90
ChIJSwaAUkrxNIgROMtq9x4yXuI,Mount Washington,28
ChIJsbm8TObxNIgRwXwg-ldV4Hg,Mount Washington,30
ChIJCUPo71PxNIgRAtgoTa99NOA,Downtown,24
ChIJCUPo71PxNIgR0DN7_HDvu2o,Downtown,42
ChIJBbsKoFbxNIgRfZy_c4Gysew,Downtown,79
ChIJO1CPWlHxNIgRyejwmfRjHB4,Downtown,53
ChIJsW0CpVbxNIgRtyWHiG9FaQU,Downtown,79
ChIJUwZBnrbxNIgRwazqpmcSdnQ,Downtown,83
ChIJj8FQr1bxNIgRMi2X2oGQ9pY,Downtown,79
ChIJXXutnFbxNIgR7UUU81s_VKg,Downtown,88
ChIJgW-aDwvxNIgReJCD03Fe2LI,Downtown,89
ChIJHct_wFbxNIgRaO_h4WbplGk,Downtown,94
ChIJKYXik1bxNIgRbgJ_mtNfjoM,Downtown,89
ChIJofJwzFbxNIgRC57bGvzRYKE,Downtown,71
ChIJN-VSlFbxNIgR40s5WO41qgw,Downtown,89
ChIJlww-71bxNIgRztXdqne3Q6s,Downtown,91
ChIJi3bz5VrxNIgRkavQ5Zu528M,Downtown,42
ChIJ09FFvEzxNIgRcfAZqB7fJQQ,Mount Washington,36
ChIJB5KDhyP3NIgRGNuBqbSdhzA,Beechview,14
ChIJbxpRjNP2NIgRtmdSg1GSF3U,Brookline,8
ChIJr52bIdfwNIgROKgSIYc0acs,Carrick,7
ChIJ9X4UwTr3NIgRvcIUkP2SQ6Q,Brookline,27
ChIJ23afgCP3NIgR7bEKy2YjJJY,Beechview,11
ChIJhxspC8bwNIgROEnnc8MsGvs,Carrick,5
ChIJY4oV6DjxNIgRmaNZyV7lqY8,Allentown,75
ChIJR1p9kFbyNIgRDZ210Bg9nvk,Central Lawrenceville,20
ChIJV79ZZlHyNIgRA3nFHpLybEU,Central Lawrenceville,14
ChIJDxKskE3yNIgRZVoDJ9pI2OE,Central Lawrenceville,32
ChIJ1a5WTUbyNIgRjZqErFhIgMQ,Bloomfield,36
ChIJrYigp_fyNIgRIWG-ie1s0kI,Lawrenceville,20
ChIJFWbwNU_yNIgRFCEuSZi60Es,Bloomfield,23
ChIJTQPE-rTzNIgRoMiCLq3FCBs,Lower Lawrenceville,11
ChIJUWs5GN3zNIgRPZqcckSz0q4,Strip District,14
ChIJBz2zA7XzNIgRZbcBa1o8x_c,Lower Lawrenceville,10
ChIJ8zAcVLPzNIgRhsHbKaVgfnM,Lower Lawrenceville,12
ChIJbTN0U7PzNIgRbg-WVM1LlSU,Lower Lawrenceville,11
ChIJdfRhi03yNIgRi_2aR5XCEWU,Central Lawrenceville,34
ChIJOYR7bvrzNIgRU3s9yPaP8Pg,East Allegheny,82
ChIJ0axKmvfzNIgRdOPqQczWrDs,Central Northside,58
ChIJg3MvBfvzNIgRBRpa3nA5RfY,East Allegheny,58
ChIJ8_mSHvzzNIgRgXf7fVX2PTM,North Shore,20
ChIJ41z6CN3zNIgR_ECPHXVS9Nc,Strip District,14
ChIJrSNnoeLzNIgRXD5Z5bgDx6U,Downtown,34
ChIJv2DWlv7zNIgRTTz0tEVx4Ok,North Shore,12
ChIJs2c8p1nxNIgR86FIs2IuGqc,Downtown,38
ChIJGfCWEFfxNIgRKdud4avVJZk,Downtown,99
ChIJ5a71UVbxNIgR_fJVD9BCDHo,Downtown,110
ChIJa5piL1jxNIgRHlJLyZ0aFUY,Downtown,68
ChIJVVUVbFfxNIgR7c7mF2aGn0Q,Downtown,68
ChIJAQCw1FfxNIgR8gdJyIh-4fM,Downtown,76
ChIJm3zjGljxNIgRNMxVoo4hgQo,Downtown,57
ChIJdVAc-9rzNIgR3tlczynQE98,Downtown,37
ChIJbYs7u27xNIgR9Bj9SpqyYwY,Downtown,89
ChIJZ0VnWfTxNIgRzwmWRLP4sy4,Downtown,79
ChIJ47M0F1jxNIgRBCssOalS4ck,Downtown,74
ChIJSVQ4lcfxNIgRO6wvcKZLAQI,Downtown,83
ChIJLe2gNljxNIgRyIt5PgU3xtk,Downtown,60
ChIJ1QL2R1bxNIgR3zR9Fz4lorg,Downtown,98
ChIJue7G_FfxNIgR3YWf7Tdt2aY,Downtown,54
ChIJoaEBy7LxNIgRW6AehuboyTg,Downtown,98
ChIJG6g-slDxNIgR2g4PV1mDO8I,Downtown,61
ChIJMwNf-k3xNIgRKJcrlH1YVqQ,Downtown,74
ChIJr_gB_1DxNIgRCr0YYUObyHE,Downtown,39
ChIJq6rq5FnxNIgRP_IpsWEb7ac,Downtown,52
ChIJbWn2y1DxNIgR1w7n95vU5j0,Downtown,62
ChIJbUeFn1DxNIgRNsB4lETrxQ0,Downtown,48
ChIJ_WoVTvLxNIgRl_aBTlrZpHs,Downtown,89
ChIJwz1LyVbxNIgRV4OR92L-fKw,Downtown,71
ChIJZ3vhFKPxNIgRSUQGsPjO7_Q,Downtown,38
ChIJgVzfkprxNIgRPyQGLv0LJ78,Downtown,34
ChIJr5_PwVnxNIgRW6wYCkEkfv0,Downtown,50
ChIJ3WOGtlnxNIgRDcTKCXS0GOw,Downtown,44
ChIJo5IOulDxNIgRCjQSyJviOTM,Downtown,63
ChIJHeyUo-LzNIgR1FphGl0EYGo,Downtown,36
ChIJaaV-6NzzNIgRronh-wKb0Kw,Strip District,9
ChIJkTpzVVjxNIgRLn0Nwuexkxw,Uptown,50
ChIJn6HNhN3zNIgRzL37A1e_8Pg,Strip District,20
ChIJMYlAHN3zNIgRSTPlPwIwyzg,Strip District,15
ChIJSZ0k9kXxNIgRgxF44U8rvBM,South Side Slopes,12
ChIJbUeFn1DxNIgRb6LHmi3H2zE,Downtown,45
ChIJIQEzxDjxNIgRJm65XjBjXsA,Allentown,71
ChIJTV6FuofxNIgRnxnw7JRHYCs,Downtown,38
ChIJuxAlNFHxNIgR4kI1EDAKexg,Downtown,68
ChIJi43421bxNIgRNnTCIKWZxi8,Downtown,93
ChIJ73N-3lDxNIgRUzUPEX1E2-A,Downtown,40
ChIJJ1RKHFHxNIgRpVIPCvW5ZIs,Downtown,40
ChIJ6XpPWDvxNIgRy_iCBCIKULs,Downtown,59
ChIJi_tCb1rxNIgRpCJk0phr6Hk,Downtown,44
ChIJo1_OeVrxNIgRBzYzhDgFDUs,Downtown,44
ChIJpbLpKfDxNIgR13yY0Fj4pjk,Downtown,57
ChIJy8kvq17xNIgRh6cfPc53b3g,Uptown,22
ChIJtXxPKjrxNIgRq5eY7Y0jNpk,Downtown,54
ChIJP0u4k-HxNIgRpuycPjn19k8,South Side Flats,12
ChIJO1CPWlHxNIgR-qYYdSPvOPU,Downtown,78
ChIJw-nExTjxNIgRxv_bo1Oofp4,Allentown,71
ChIJV0iQSDjxNIgRzGYFE9hqmpQ,Allentown,81
ChIJwVp98DjxNIgRXUNgcwCduIk,Allentown,77
ChIJz-V3hvrzNIgRnEmbGkha4AE,South Side Slopes,17
ChIJUcZs5GnxNIgRDlz3mm9blf8,South Side Flats,39
ChIJjxOdCELxNIgREF2hytDWW6w,South Side Flats,42
ChIJe1ws7mnxNIgRO0liAjIzxa0,South Side Flats,44
ChIJA8Cr32vxNIgRTtKdJVxfpH8,South Side Flats,41
ChIJQ4EHnmnxNIgRga05PiZw2jk,South Side Flats,49
ChIJaTTi3hXxNIgRB4gYqFZVmWU,South Side Flats,47
ChIJd-vid9vxNIgRMVnwpRrgj6g,Allentown,80
ChIJb2a-1drxNIgR6frl-1OAOyI,South Side Flats,40
ChIJVUk52SDxNIgRYxrLC7R4pIs,Carrick,26
ChIJ828bGiPxNIgR0SR1tTIcUbs,Knoxville,32
ChIJ0fRwkm7xNIgR4aK-gr_V2RY,South Side Flats,57
ChIJX9isi27xNIgRWY6b4OmCnQY,South Side Flats,54
ChIJFS5dgnbxNIgRsl0CMLInqOI,South Side Flats,15
ChIJgzGA2snzNIgR59oa3k5YAL4,South Side Flats,46
ChIJu8_ZdWnxNIgR8N1ozNLZCRY,South Side Flats,49
ChIJR-aD_lzxNIgRSD7XXZLNgY8,Mount Oliver,8
ChIJW_6TiQT0NIgRg7tUbgG1dKM,South Side Flats,57
ChIJPQBa7mnxNIgRrZuzs6OPCuc,South Side Flats,41
ChIJiRQnssLwNIgR1tRZcU51tks,Carrick,50
ChIJcWRRYMXwNIgRPVKPEUEB2Cg,Overbrook,9
ChIJ55ZDhCDxNIgR_psxm9MMqZw,Carrick,31
ChIJvXzHpsLwNIgR2sPrq8hj4bs,Carrick,48
ChIJPX3HpsLwNIgR7_u605fuHUY,Carrick,41
ChIJ_1b4IbjwNIgRjYRAhKZ1wTY,Overbrook,16
ChIJ0Tm13OvwNIgRd6Cyi2zNqzY,Carrick,21
ChIJowOx8_TxNIgRcQXbjaDQvo0,Hazelwood,67
ChIJ8VB-Df_xNIgRa-D5onRVEdU,Squirrel Hill South,41
ChIJvcPoEB_yNIgR-TeMN1nZJgg,Squirrel Hill North,21
ChIJmUD-Tg_yNIgRjX-pVSnbHHA,Squirrel Hill North,4
ChIJwaWqIiTyNIgRTdPU35k894M,North Oakland,55
ChIJPdv8abnwNIgRa5VzInjhU88,Carrick,1
ChIJC_YhYcDzNIgRVzMjLFx3HZ8,Troy Hill,12
ChIJJe_uOcDzNIgR8YLaMjdCm2g,Troy Hill,23
ChIJiRi3FsPzNIgR5toi1zAe7_M,Strip District,9
ChIJLRHyqyrzNIgRg1E9MSopuwM,Strip District,14
ChIJR8TLzHzzNIgReN19aeZvS6k,Strip District,12
ChIJR-ud98TzNIgREwnaG2ksz6k,Strip District,8
ChIJs4HYnE_zNIgRoYZtaOT_RTM,Strip District,8
ChIJoWlLstzzNIgRDds3XRCI9mk,Strip District,12
ChIJrVe4FsPzNIgRaWOwAtTRFbM,Strip District,8
ChIJoViZxtzzNIgR--aU6Fhglr4,Strip District,11
ChIJOZR61MDzNIgRsoLC_sqy2Os,Strip District,6
ChIJ4SrQ-rTzNIgRBCWal8EzERk,Lower Lawrenceville,12
ChIJF93Zb9HzNIgRaXsPqpc12X4,Middle Hill,20
ChIJE4Rn39zzNIgReCoU59ojZys,Strip District,9
ChIJ32HHK-7zNIgR2F3P1Ze_Veo,Strip District,7
ChIJubqwEWHtNIgRtWvOBB7IOkk,Strip District,16
ChIJ5UoaTrPzNIgR67C6D3W0d-M,Lower Lawrenceville,13
ChIJZSp_uMXzNIgRfjYvmWaoQis,Strip District,4
ChIJlSQhw9zzNIgRulyV3c9lAFY,Strip District,11
ChIJp6IO5NzzNIgRrBFr-HBNTP0,Strip District,11
ChIJj_TW6dzzNIgR-ibsuSNRjGE,Strip District,10
ChIJ7xNwnN3zNIgRKFNb1CKtMbU,Strip District,19
ChIJ4UfTPd3zNIgR34mdMng6L5A,Strip District,9
ChIJX86zgOLzNIgRLAZcZrqlxGM,Downtown,20
ChIJkeH5HDDxNIgRIVYWkBVWnIA,Uptown,43
ChIJq3phq17xNIgRucm5U8KKeBw,Downtown,27
ChIJHxjv8F7xNIgRhDVc5_DVaDQ,Downtown,27
ChIJXZF5KTDyNIgR5hj8iNmdfOA,Downtown,29
ChIJd14Rc17xNIgRMq985izx13w,Uptown,29
ChIJQVSrW-zxNIgRcGkeWKriZio,Downtown,50
ChIJ3wKdPGnxNIgRiJtL1pd8CF8,South Side Flats,46
ChIJLQtjK7PxNIgR5YlDhRrYYo8,Uptown,30
ChIJg1Gg6P_xNIgRRNlkdMt6ZPY,Uptown,29
ChIJTZLQxGDxNIgRHeH4OnpKHTQ,Crawford-Roberts,36
ChIJ6TMXpl7xNIgR4-vh9b4eCeg,Uptown,32
ChIJF7esbWnxNIgR1m6Ch1_sDic,South Side Flats,47
ChIJUfzmm2nxNIgRmaf5sdOhKns,South Side Flats,52
ChIJb124KRvxNIgRtPTtULeDL9Y,South Side Flats,48
ChIJX0eblW7xNIgR_VvkZXA_YRQ,South Side Flats,59
ChIJHVYbynbxNIgRuQy3ve8SLac,South Side Flats,31
ChIJVV_6nJ_xNIgRSoAWAJqhnJI,South Side Flats,48
ChIJKbZvAhzxNIgRTYPC3TADwBE,South Side Flats,43
ChIJGd8THP3xNIgRjVDaUr8_mzs,South Side Flats,40
ChIJ-Qv-FjPxNIgRtnYGlH8BN7o,South Side Flats,46
ChIJ0f005GnxNIgR97iNHfJPwho,South Side Flats,39
ChIJv--DbWnxNIgRR7NSNMmRJOA,South Side Flats,49
ChIJKXoXk2nxNIgRGa8v_798ORA,South Side Flats,44
ChIJZfTzP2nxNIgRuAaYOtWmtWc,South Side Flats,47
ChIJD2K7dGnxNIgRzr9L22s5MRg,South Side Flats,48
ChIJdZjQx27xNIgROx5Oy5ORrK0,South Side Flats,47
ChIJRZ2ndmnxNIgR8ubLmtt-fhs,South Side Flats,48
ChIJ1YxkmmnxNIgRbGCperwJue4,South Side Flats,46
ChIJqd6KkGnxNIgRRAxQ-Cq5Has,South Side Flats,44
ChIJw0UXPDvxNIgRKbRr3ODSkC4,South Side Flats,56
ChIJizwqlW7xNIgRYil6lwmWaow,South Side Flats,59
ChIJZzOOvrDxNIgRg3CDDJJaEco,South Side Flats,62
ChIJZd0nQGnxNIgRVWIUfq3N0l0,South Side Flats,49
ChIJWajYRm7xNIgRYWzHvQBIa_k,South Side Flats,56
ChIJ7ZiQ9W7xNIgRt5WKRIutn08,South Side Flats,71
ChIJW8GZyW7xNIgRbBA2PEWplXk,South Side Flats,50
ChIJB6QELSHxNIgRFWoBt8KHtiI,Carrick,19
ChIJD5Ibv3bxNIgRgC3PVYseHn8,South Side Flats,35
ChIJXfIN9m7xNIgRyqsVaf_yOWQ,South Side Flats,65
ChIJyxPbaCPpNIgR6KLDgF5MuNk,South Side Flats,18
ChIJFUVyIG7xNIgR5d5VLBb0k4s,South Side Flats,66
ChIJczlgxCDxNIgRGWhgh5XDnAE,Carrick,23
ChIJGWNH4HHxNIgRYt3EYmLzA-c,South Side Flats,64
ChIJ4aw8mCPxNIgRc6Gb9jfvg_4,Knoxville,29
ChIJ3ZWSAabxNIgRDS03BIHhFAk,Arlington,34
ChIJs9-69dzwNIgRmMDd8euPa28,Carrick,22
ChIJ2U_hO-3wNIgRkJ7de0Oawu4,Carrick,14
ChIJUQEBv6fxNIgRkXZoyTMAHME,Carrick,42
ChIJjzk48mDzNIgRrWSmLUdNN3M,Lower Lawrenceville,12
ChIJp_wPvlXzNIgR1ua9flvQiQ8,Lower Lawrenceville,12
ChIJNdRSlcjzNIgRKztXRZ8R3os,Strip District,17
ChIJoztp4qvzNIgR1Yvp3Oo6gUk,Lower Lawrenceville,11
ChIJGyHKJrP3NIgRsdwacPEvZDg,Lower Lawrenceville,11
ChIJ0TkalrTzNIgR3WQ1VOvp8Jg,Lower Lawrenceville,10
ChIJu8lO6bTzNIgRTk57p9qMxLQ,Lower Lawrenceville,11
ChIJC93yEiXuNIgRUWEZNBBXrYM,Central Lawrenceville,32
ChIJv6siiU3yNIgRY1K4PUwSTvY,Central Lawrenceville,32
ChIJKT2mUrXzNIgRP_zITVG6-1s,Lower Lawrenceville,12
ChIJYWX4vDrzNIgRZHYf7f0e8w0,Bloomfield,33
ChIJ2x9UxjDyNIgRAlU-QHejcTs,North Oakland,17
ChIJ_85cpLTzNIgRQYRrGbqmWlI,Lower Lawrenceville,11
ChIJreSQbVjzNIgRfhAd0MtwMPo,Lower Lawrenceville,13
ChIJb026fVHyNIgRp717s78G9n0,Central Lawrenceville,18
ChIJb1Oiq7_zNIgRIftDhyB5qEc,Shadyside,22
ChIJp-5aZRLyNIgRkGsFTHQ2OGQ,Shadyside,22
ChIJG3EpCfjyNIgRbG7YUK8ClBY,Lawrenceville,22
ChIJDf-mDDbzNIgRYxlIXsGv76c,Garfield,42
ChIJ0acBsvmrx4kRaV6f_qdOUVs,Lawrenceville,24
ChIJqb4XHt3zNIgRRGgpc6DL0Lo,Strip District,13
ChIJUczDttzzNIgRIVsSTlzSbOQ,Strip District,13
ChIJ_VG7C93zNIgR7MsvZAToDto,Strip District,15
ChIJNepsId3zNIgRQqFF2SGWTQI,Strip District,12
ChIJZ5ZEkM7zNIgRbD1UL6cJ2m0,Strip District,11
ChIJVfY3m93zNIgRlQH21q_BzX4,Strip District,20
ChIJC5mCXMPzNIgRiI9oZz5oGPc,Strip District,11
ChIJP1gKhd3zNIgRnPIt3JMP6Q4,Strip District,18
ChIJ05Zle6vzNIgR5d6-XIDBWbE,Strip District,16
ChIJu7QfWMPzNIgRRaou7cEJEUk,Strip District,11
ChIJWWTKt9zzNIgRrgG3CUToFPg,Strip District,13
ChIJnUZLROfzNIgRQV-liGcW3U4,Strip District,20
ChIJBfSEzHLzNIgRJoAqEQ80YyI,Strip District,20
ChIJOzazI1zxNIgRiZ9pk0xBUKk,Uptown,30
ChIJ9zVB7l7xNIgRyZZ_5mAAbjU,Downtown,27
ChIJtb0u8NbzNIgReePPnLFXb6s,Terrace Village,27
ChIJt95YkHPxNIgRxayX-1nNn5I,Crawford-Roberts,45
ChIJdcG-um_xNIgRfiBDvgcv6Og,South Side Flats,22
ChIJ10MJKg33NIgRr3hoZDWnQMI,Uptown,35
ChIJ9-mKyGDxNIgRGih_46RNh0c,Uptown,38
ChIJAS82ZknzNIgRwpAOZRJjAzk,Strip District,20
ChIJP4v3IdHzNIgRtd_UuEQTSjo,Middle Hill,33
ChIJcRE8sXbxNIgRCl1ddzPyiMA,South Side Flats,32
ChIJGdtGwnHxNIgRvQ0uCvJ1mdg,South Side Flats,44
ChIJ7ZptpnbxNIgRcyXrZDisGg4,South Side Flats,35
ChIJywg6QG7xNIgRIBl4ypC_GHA,South Side Flats,54
ChIJfUaaHmXxNIgREzmT38FjoRM,South Side Flats,32
ChIJi-9pQW7xNIgRChu2hMipzaA,South Side Flats,54
ChIJac7x_uvxNIgRowRCaqp-Los,South Side Flats,60
ChIJveO2t3bxNIgRR0FnNBRehMo,South Side Flats,31
ChIJv90jIHTxNIgRSnlTE4DPXT8,South Side Flats,31
ChIJz1REkm7xNIgRaCxSYHQ0JeQ,South Side Flats,57
ChIJw8e2im7xNIgRIOv06P2gPEw,South Side Flats,53
ChIJVV4HnqLxNIgRxbPYfPin_Wo,Central Lawrenceville,28
ChIJ9b8gGVLyNIgRZyoRQ5by93c,Central Lawrenceville,26
ChIJE8F5jc3zNIgRv9cjRb4OUzA,Central Lawrenceville,29
ChIJVbQic9zzNIgRmEsQQXRvNm0,Central Lawrenceville,31
ChIJqxndwrHzNIgRUt455T2q_bE,Central Lawrenceville,26
ChIJhbb-m03yNIgRUsWJ-htXSRY,Central Lawrenceville,31
ChIJi32qHBHyNIgRxPtrUFhiLBc,Lower Lawrenceville,14
ChIJv3LUorTzNIgRvwY5DAgTA1s,Lower Lawrenceville,10
ChIJ9w2zjBDzNIgRW-TDzTHGVVg,Central Lawrenceville,23
ChIJ_QYsGFLyNIgRZy6AxOT0gq8,Central Lawrenceville,26
ChIJb51c3NPzNIgRyc9mwNxQT8s,Central Lawrenceville,26
ChIJfdbjNknyNIgRfLIY5-dxlQQ,Bloomfield,28
ChIJ66LSFVLyNIgRtZXizJSCCGk,Central Lawrenceville,30
ChIJzV7wK0nyNIgRgtFZ1GerHV0,Bloomfield,31
ChIJTdlGrlzzNIgRIQf1pxrBMXc,Central Lawrenceville,26
ChIJoacKHk3yNIgRuTyIvX6tIHY,Central Lawrenceville,24
ChIJrzelqffzNIgRnDkl4GRkyd8,Central Lawrenceville,26
ChIJV4HpDlLyNIgRnw3FBi-owp4,Central Lawrenceville,28
ChIJ4at4NE_yNIgRDPjJG9F_BQQ,Bloomfield,31
ChIJacdcMk_yNIgRdHtaOoDoiSk,Central Lawrenceville,31
ChIJl93RPCLzNIgRTN1yoqz3FJc,Central Lawrenceville,34
ChIJbyBaslfyNIgRHs3um_NSygY,Lawrenceville,24
ChIJ9RuVqkfyNIgRkMqRFmij0AE,Bloomfield,36
ChIJByWbqoDzNIgRIYQGeZ3DGHU,Lawrenceville,24
ChIJ157INUbyNIgRIdYcEKwlsxk,Bloomfield,37
ChIJk8LxzX_zNIgROyn2KZl4J24,Lawrenceville,25
ChIJXxJOonLzNIgRLoWk4qqp7D8,Central Lawrenceville,28
ChIJtwdryN_zNIgR9QxZXCx3HHw,Central Lawrenceville,31
ChIJ6RYU1U7yNIgRW5lPuLNmkNQ,Central Lawrenceville,32
ChIJB0uhKaHzNIgRFQoE7SpNQZA,Lower Lawrenceville,11
ChIJfSLmpRfzNIgRuTB2LzQlRs0,Central Lawrenceville,33
ChIJLwtmuhHyNIgReiO08BCqkNI,Shadyside,30
ChIJBYF_qoDxNIgRoaFKe3aGAUU,West Oakland,61
ChIJfRdWuTDzNIgRW8di8Tv5olc,Shadyside,26
ChIJOTAqXE_yNIgRyx9s6-XdtQM,Central Lawrenceville,23
ChIJ8_YI2yrzNIgRcfvIx_LhAQQ,Morningside,12
ChIJ6xQhKULyNIgRH96iN5Qnnxw,Bloomfield,43
ChIJPSw-jertNIgRgG-xMXHio4w,Homewood South,34
ChIJp6r2KhLzNIgR39o6aPGr5ec,North Oakland,32
ChIJiwd0_inyNIgRNEnkdvQOwvw,West Oakland,60
ChIJw-xxVofxNIgRPoR9kR0qQaU,Central Oakland,66
ChIJP6hIlSnyNIgRRIKYd7itnC0,West Oakland,49
ChIJA16Qmy3zNIgR0tie1DsJWr8,West Oakland,55
ChIJuY1kwinyNIgRXavpCzppwNk,Central Oakland,52
ChIJ3Ta93CnyNIgR76BIIq9wi00,Central Oakland,52
ChIJNVEpiefzNIgRTduxmt_kOCo,Central Oakland,52
ChIJi06JU9PzNIgRWcHN_LT8uAE,West Oakland,50
ChIJAcDfbGvzNIgRyx-DeVLDdY8,Central Oakland,68
ChIJ-1R-5SnyNIgRKb70_DsecYU,West Oakland,54
ChIJ-0vjBabzNIgRzOvXp_ZUqoU,North Oakland,46
ChIJHf2pVZTxNIgR4QKTat1XtxI,West Oakland,61
ChIJCwnMDlPzNIgRRHEeV5sDmA4,West Oakland,64
ChIJn-bH7inyNIgRFEdw1AiECjY,West Oakland,53
ChIJmyZSvCnyNIgRudsdwbZLMDw,North Oakland,38
ChIJb4-q6inyNIgR-w9Vd5a_dpg,West Oakland,49
ChIJdU1TE_LzNIgRcLiw01-pwh8,West Oakland,51
ChIJqSCdRijzNIgRVC0pUVzkL3Q,North Oakland,34
ChIJtQ_i3inyNIgRFnjm8Qyamig,Central Oakland,58
ChIJnYeF6ynyNIgRpvE8GG_enX0,West Oakland,51
ChIJMRkulSnyNIgRFX20W4CdRes,West Oakland,49
ChIJLQyxHSryNIgRvsaMdRFuWsc,West Oakland,50
ChIJJ60ZlSnyNIgRFu7xM8GVStE,West Oakland,49
ChIJb76tAYjzNIgRYeg8b2Ci_oY,West Oakland,63
ChIJoaSk8TnzNIgRq6xVnf01Ko4,West Oakland,52
ChIJQ3eP_inyNIgRyd2ktjamxqM,West Oakland,68
ChIJDxOukArxNIgR5NksBn-2nC4,West Oakland,62
ChIJGQpeNXPzNIgRxDow-rr88Kg,West Oakland,55
ChIJSxQZLJ7zNIgRt0maU__sOYY,West Oakland,62
ChIJ__8_x4DxNIgR5k99DeUY1-w,Central Oakland,53
ChIJLSVQY4fxNIgRMAPUHHWIggE,Central Oakland,56
ChIJjXscMC_yNIgRXcUITF3MvRs,North Oakland,8
ChIJwa8K8MbzNIgRdkBi8pwcpGo,West Oakland,31
ChIJB8suhyjyNIgROsd4vPcFiDU,Oakland,15
ChIJM5JDtenzNIgRsIpiW9_DigU,Strip District,5
ChIJH8xSoIfxNIgRtnPuXCx47ng,Central Oakland,42
ChIJ__8yAyryNIgR_X6MMQ2OPrk,West Oakland,55
ChIJzwS4zTryNIgRGmSRESQtGHo,North Oakland,35
ChIJy9Po4h7yNIgR_nLyDFmCL6g,North Oakland,11
ChIJq7q0zTTyNIgRShTahHUtqyw,Polish Hill,16
ChIJaev7FCnyNIgR7BJTDJPlFOM,North Oakland,23
ChIJyRkoBEHzNIgRtZV4aLqB6xg,West Oakland,62
ChIJjfwiuinyNIgRey6wSiNVUAg,North Oakland,41
ChIJ4xNi4ynyNIgRU6IpTDdsfrM,Central Oakland,58
ChIJYWiRwSnyNIgRRiyWeUcn9FM,Central Oakland,45
ChIJSTQfZCryNIgRJEejULSwP5Y,West Oakland,36
ChIJizXqDxTzNIgRKmZwV7ss8C4,North Oakland,17
ChIJz3BPwSnyNIgRhdkfXHh9mgQ,Central Oakland,46
ChIJow9HHSnyNIgRoRs_E9gDDeQ,North Oakland,23
ChIJKwX1vgLxNIgRgCuBdQYLd24,Central Oakland,56
ChIJC8I6mezzNIgRQ0_54AxTzTE,Squirrel Hill North,19
ChIJNRjc6X_xNIgRhXvV7E7TE-U,West Oakland,38
ChIJTY6wvZTzNIgRSrzuVfOPKcs,North Oakland,38
ChIJRxOXPyTyNIgRjMgvDNxh39A,North Oakland,58
ChIJlfRanibyNIgRcoAza6F4sdI,North Oakland,54
ChIJa9dttZzxNIgRoJ_fjgPe6-s,South Oakland,12
ChIJE8r9NXbxNIgR2_MNy57jGM4,South Side Flats,15
ChIJxelDPHTxNIgRZ7036R6TvgA,South Side Flats,14
ChIJU9n6WoDxNIgRBw0y9nj-lbI,West Oakland,50
ChIJ__9zECL0NIgRqH1N19NUVAk,South Side Flats,18
ChIJw7kWe4fxNIgRNi3MzDaZuAI,Central Oakland,58
ChIJzZey4HHxNIgRf8mSxBOeOng,South Side Flats,65
ChIJKaoVAvvxNIgRxXDV1rIC610,West Oakland,49
ChIJy7yEyYfxNIgRTRR-MtN9sT0,Central Oakland,30
ChIJT42nXW7xNIgRc_TKySMF3x8,South Side Flats,60
ChIJk8C3QG7xNIgRPD3JpUj0Qpw,South Side Flats,52
ChIJP7eXjKXxNIgR2mpwikchvlk,Arlington,5
ChIJbZevISTyNIgRmAk5MgJN5NY,North Oakland,54
ChIJL3ujxP3zNIgR9aqygXcUHAY,Central Lawrenceville,34
ChIJjxs73dfzNIgRJKu3w6JJw-M,Lawrenceville,14
ChIJYYWWt3HzNIgRdbh0dC_GfCA,Lawrenceville,19
ChIJ2yPqm_fyNIgRrX4_XAqLAjw,Lawrenceville,18
ChIJAeVyyVfyNIgRJl5qfH2SbDs,Lawrenceville,23
ChIJZ43akkLzNIgR8d78OnpSbUU,Central Lawrenceville,33
ChIJW0b6r27yNIgRV0KQXfeQCMA,Bloomfield,37
ChIJz3cUGkLyNIgRWLMkcBK2edg,Garfield,44
ChIJRfmwWXvzNIgRLV4SEczR2PU,Central Lawrenceville,26
ChIJqbAgM-LzNIgR9JdYfVlf4w8,Bloomfield,35
ChIJOw-0W3PyNIgREBWiJADqrgk,Shadyside,37
ChIJkYOyh4DtNIgRp0mPbsULPU0,Highland Park,10
ChIJuYpNim7yNIgRgOOuYecW9ag,Garfield,42
ChIJrcryYsvzNIgRekOzasoDnuc,Friendship,23
ChIJexev_mXzNIgRjT3AugIbp88,East Liberty,44
ChIJmyJTe2_zNIgRKBsnWlOKuw4,Garfield,45
ChIJc2i5EkfuNIgRzpOA4y_aYxQ,Larimer,19
ChIJ4-N0iWbzNIgRo3uX-BqAKmc,East Liberty,39
ChIJaZJLQEfyNIgRjqYnaTYeoN0,Bloomfield,32
ChIJAeBK2HzzNIgRM7u_R11SedE,Bloomfield,35
ChIJbz5zt63zNIgRUEkiTNwcn6A,Bloomfield,34
ChIJzSCE0kPyNIgRBzJJwOyniQE,Garfield,42
ChIJSegbAUfyNIgRxWUkXGV0_sM,Bloomfield,37
ChIJU1c6EUfyNIgRg8gKJwQNl4c,Bloomfield,34
ChIJA0IuNUbyNIgRuikoLdVougk,Bloomfield,36
ChIJSbERT0fyNIgRGxDyCmC7sAY,Bloomfield,31
ChIJn862SEfyNIgRVibDFUOQzsI,Bloomfield,31
ChIJm_WKOEfyNIgRQ-5OJMzSLRY,Bloomfield,38
ChIJz3fkUU_yNIgRz8ny6o9Dcos,Bloomfield,25
ChIJLfzKFEfyNIgR6L1Z3Rj0Q2c,Bloomfield,32
ChIJ9Q1kJUTyNIgRuvW9f60WFmI,Bloomfield,24
ChIJifg4qkfyNIgR78eJjin8_cI,Bloomfield,36
ChIJmTdGy0fyNIgRnBcu5zadtoQ,Bloomfield,36
ChIJ3fG3zUPyNIgRU9Xm67yqrSY,Garfield,41
ChIJF27Hp0fyNIgRnZHhBa75CIw,Bloomfield,37
ChIJQft3kaTzNIgRetJTJOLl88g,Bloomfield,32
ChIJqXdRmU3yNIgRTtYlLipakCI,Bloomfield,40
ChIJv80hSkfyNIgRNZnI9Dxc-n4,Bloomfield,36
ChIJkbYAo1jzNIgRxpuolX6I6Dc,Lower Lawrenceville,11
ChIJ7Qm3oEDyNIgRVTUeVHYmEuE,Bloomfield,27
ChIJV9x5pxXyNIgR5rO9GDHxInE,Bloomfield,29
ChIJLQOJMgDyNIgR7G4Ga-wAzg8,Squirrel Hill North,35
ChIJ_06ucs7zNIgRoAhVQhjtRk8,Bloomfield,25
ChIJxW7K-jryNIgRnoy_fq22O7U,North Oakland,30
ChIJD8Ov2h_zNIgRcC-PyQkIVys,North Oakland,38
ChIJ9d9pts7zNIgRT8U7X54jHzw,North Oakland,35
ChIJ68CEWyjzNIgR-x4agZBK-9g,North Oakland,31
ChIJvclwjTryNIgRWg9iEnHdW9w,North Oakland,33
ChIJXVu_qDvyNIgRXfFlNXIhA7A,Bloomfield,24
ChIJh39tef2Gj4AR0rCRdkJDRl4,North Oakland,35
ChIJjcep-TryNIgRNOeLcqAUXp4,North Oakland,34
ChIJf90kgzryNIgRFF3DT6QETbQ,North Oakland,34
ChIJVyjr-TvyNIgR_bA14kixa-0,Bloomfield,23
ChIJ0dtd0E3zNIgRBQOjqm70vHg,North Oakland,33
ChIJv-unHcvzNIgRAes227yxYVI,Shadyside,22
ChIJ4-WUitXzNIgRdsjqRrkobhc,Bloomfield,26
ChIJ-7BxngHzNIgRV0Gtee2KWv8,Bloomfield,12
ChIJcahYNUbyNIgRkh-YFLBrnyk,Bloomfield,10
ChIJiYokHjzyNIgRtnsi_6a_MPk,Bloomfield,17
ChIJb9ShrhHyNIgR5gt3ZnhARJQ,Shadyside,36
ChIJn5pnWB_yNIgR9toCB8xF8gk,Squirrel Hill North,21
ChIJX3bwXRTyNIgRCkbmjnSURuI,Shadyside,25
ChIJiSir5f7xNIgR2sBfHI9HoI8,Squirrel Hill South,37
ChIJjx4DoCbyNIgRa4xgF5MtWX8,North Oakland,54
ChIJhSAtHyTyNIgRDUVWLHZNrmQ,North Oakland,54
ChIJ784vwP7zNIgRbVdQMYJd8MA,North Oakland,12
ChIJFdDEVBjzNIgRzH8p4nOhS7U,North Oakland,17
ChIJgeoC3zPzNIgRQEm9X1cMZTE,North Oakland,14
ChIJd3hRoCbyNIgR_0WAdbtJq5E,North Oakland,54
ChIJM9nnvfXzNIgRswPFCZ3qSQI,North Oakland,12
ChIJayydoqzzNIgRDrjYoB3MSj8,North Oakland,17
ChIJ-7qz81zzNIgRK5B95UI4tk0,North Oakland,54
ChIJ2R-WpibyNIgRtfRjFfy1W7g,North Oakland,55
ChIJ1waLE0zzNIgRpQAnf7nEMdo,Central Oakland,36
ChIJ5VuSdJ7zNIgRmKAAM6I1Rnk,North Oakland,19
ChIJ8T0O8GHzNIgRWEN_D2SXmGo,North Oakland,24
ChIJAcntoSbyNIgRJ_tqs7HosP8,North Oakland,52
ChIJK2J2cOLzNIgRq2PMUDOTQZA,Squirrel Hill North,25
ChIJSchDPYrxNIgRprhtd8o3qXc,Squirrel Hill South,3
ChIJB-1JM6bzNIgRRn6FvCK53_A,North Oakland,59
ChIJHQBwlonxNIgRTOQNz6y-EQ8,Central Oakland,6
ChIJ_x6m61fxNIgROMgm77qPmLA,Central Oakland,21
ChIJm1K7dBzxNIgRFN9OZA3iux4,Central Oakland,23
ChIJyX5l6inyNIgRugEcIEyyBsw,West Oakland,52
ChIJNdDUQ4bxNIgR2pI0nwllfhA,Central Oakland,22
ChIJt1kaeofxNIgRbehlt6g1Vws,Central Oakland,57
ChIJXfP-3KnxNIgRbfS-nbxWS3o,Central Oakland,56
ChIJZ_i-97XxNIgRo3cA0PG1Aqg,Central Oakland,32
ChIJ7-9LLKPxNIgRrpO2_kcg7oY,Central Oakland,23
ChIJsVBcN5PxNIgRqvdo84ea2P8,Greenfield,14
ChIJuVxT6YjxNIgRb0c0GvhIJmU,Greenfield,12
ChIJ-Qt5VYfxNIgRDVs2PgNZEck,West Oakland,64
ChIJv5mJO3TxNIgR2-U7O-0raig,South Side Flats,14
ChIJczcZdHbxNIgR851UGvycI3I,South Side Flats,18
ChIJ3W48jHXxNIgRzYewBlf_lCA,South Side Flats,11
ChIJMZ6aegfxNIgRlG2XPGR2rrY,South Side Flats,18
ChIJFRFbt3bxNIgR0M9SxAMqRzg,South Side Flats,32
ChIJ9-KQqu3xNIgRQjuwNnAw5jE,Greenfield,18
ChIJ9dZ5RtHxNIgRXQx0R-kiUow,Hazelwood,37
ChIJd6RZuLfxNIgRHJT0cLCd33E,Hazelwood,66
ChIJT20LZP_xNIgRfXSxvCBARgI,Squirrel Hill South,37
ChIJwRWXX97xNIgRt99JPMbLo5k,Squirrel Hill South,17
ChIJjUAiVXTuNIgRx_uIV_2oEws,Regent Square,1
ChIJj4vndd7xNIgRMlzZaluZb7Q,Squirrel Hill South,8
ChIJjZks6gbtNIgR3J6z3f6RvZQ,Squirrel Hill North,8
ChIJXRrgsujtNIgRWwtHCcC6TG0,Point Breeze,10
ChIJGW1mL8TtNIgROt0MXN9urkw,Homewood South,39
ChIJneaRNSbtNIgR26Bot7Ibklw,Bakery Square,4
ChIJzWytUezwNIgRofWfXWmeGHs,Carrick,26
ChIJF8gWyH_yNIgR54cOZfU6tXw,Highland Park,6
ChIJxVd0I2ntNIgR0HWArl8uf3s,Highland Park,2
ChIJF2TjvX_yNIgR2rajP8TTCM0,Highland Park,9
ChIJK1hW6YTyNIgRTqozUZYSdHw,Morningside,13
ChIJ3eJzZoTyNIgRFwR6eZysncc,Morningside,9
ChIJg0PTuiLzNIgRZiDiEC0UMCM,Highland Park,9
ChIJzRu8mX_yNIgRIXXPzSRbLMU,Highland Park,10
ChIJl9Idur_tNIgRC4qSnGye370,Highland Park,2
ChIJtT84-2nyNIgRtZthPxJLhFc,Garfield,41
ChIJNS-HZW7yNIgRosFKSl6w4L4,Garfield,39
ChIJzaNUQ2nyNIgRJMi6ohsLTuQ,Garfield,38
ChIJOwT0MkLyNIgRkWGbjvbtOM8,Garfield,42
ChIJY4jK0PfzNIgRWbcs3fOumtI,Bloomfield,35
ChIJib1zoUDyNIgRjs5lzRvptV4,Bloomfield,25
ChIJ17qAEELyNIgRuOAM6Sm8NMs,Garfield,44
ChIJ7-YJEEfyNIgRO0lw1eHhKwM,Bloomfield,34
ChIJGWJzfQTzNIgRpdrWYW3X534,Bloomfield,35
ChIJkSEzAHnzNIgRjZOxPJSd_2w,East Liberty,18
ChIJnetrqnTyNIgR7bt3L49RUTM,Shadyside,35
ChIJ6YWR1gzyNIgRUf4PpzogNBw,Shadyside,23
ChIJ7Z3q5z_yNIgRPjNpFPCbwh8,Bloomfield,10
ChIJSUfZOQ3yNIgRTdo2R99Rk0Y,Shadyside,20
ChIJ4aDOY2ryNIgRcjgyna2jC4s,Bloomfield,14
ChIJ_xbBinPyNIgR5I6bKzW6Xc4,East Liberty,38
ChIJAZBTnjPtNIgRatsp-ZwuOMU,Point Breeze,5
ChIJ_woa_lzzNIgRPKXB29y4pG0,Shadyside,29
ChIJLy7o3xDyNIgR-cB2KQN8G9I,Shadyside,29
ChIJC5P7sxHyNIgR6IoKrVoD-QY,Shadyside,37
ChIJa-FPHBHyNIgRVC5VMamD3vw,Shadyside,30
ChIJK0aB_hDyNIgRZTfaR-B3Ja4,Shadyside,36
ChIJb7SKCr3zNIgRuElCmbxa6BM,Shadyside,37
ChIJwb_5sRHyNIgR3BQjpqxJpxU,Shadyside,35
ChIJn4O9qBHyNIgRc9dX4Aodfz8,Shadyside,36
ChIJ4YqBhhXyNIgR6RZeY4TH8Us,Bloomfield,21
ChIJf1H49KXzNIgR-I5Odjiw84w,Bloomfield,29
ChIJebeZTHLzNIgRyziDyvkn5nQ,Shadyside,29
ChIJp_sbrxHyNIgRJSCP_0F4rSE,Shadyside,35
ChIJQ86AALDzNIgRx3FrHBuHwfQ,Friendship,27
ChIJNfUt57vzNIgR-JxNmrSoOmU,Bloomfield,28
ChIJ5R6OJibzNIgRj7PaeC0EYeE,Shadyside,35
ChIJ9Q-zXVPzNIgRxMq2OYHXA-k,Shadyside,29
ChIJfcIfgRTyNIgRlnaFPGmBSX0,Shadyside,28
ChIJqSoSWE3zNIgRC5ZZW-O1ZRI,Bloomfield,22
ChIJp_sbrxHyNIgRy4d_3ltvJfA,Shadyside,32
ChIJ2YCjHxPyNIgRx9QebVCaHiI,Shadyside,27
ChIJiYlvLxHyNIgR0Zqr20MbZ9Q,Shadyside,29
ChIJV2sb0hDyNIgRUE0eUaaDj6o,Shadyside,26
ChIJZ3KkqdDzNIgRCD7wfJUWqAM,Squirrel Hill North,21
ChIJQ4p9cSzzNIgRUCflMiwYVNQ,Squirrel Hill North,16
ChIJlV4y5yHyNIgRaaYa1zk7vYw,Squirrel Hill North,21
ChIJz3eMvGyKNIgR4IB0zeYZy-M,North Oakland,58
ChIJLxnwlKrzNIgRtueHT9PHFn4,Squirrel Hill North,16
ChIJhQOupibyNIgReBoACHik1Jw,North Oakland,55
ChIJ_ZmkglLyNIgRp90B8NkqLPE,North Oakland,14
ChIJ2Tf5pCnyNIgRyENX85bm4pE,North Oakland,16
ChIJj8asgjHxNIgRF8MtNqy8v8U,Greenfield,18
ChIJffNccebxNIgR9JGg-4HwhFk,Greenfield,18
ChIJLd3F_PzxNIgRDq8xAmHQ18Q,Squirrel Hill South,36
ChIJfWX-mf7xNIgRE9ZKdBmUiFE,Squirrel Hill South,39
ChIJg4iqU1zxNIgRpPPslHG6YxA,Squirrel Hill South,36
ChIJHaUunP7xNIgRxkzGYOAIs3s,Squirrel Hill South,40
ChIJz2YHEADyNIgR3i06eMICpDM,Squirrel Hill South,28
ChIJt4iTxpPxNIgR48jSGmbEhCI,Squirrel Hill South,40
ChIJjWC6Ef_xNIgRyJodJrEpjAc,Squirrel Hill South,46
ChIJVVVJhf7xNIgRO6i9n8IDVUk,Squirrel Hill South,39
ChIJl-ia3d3xNIgRgi7ZuCdv5AQ,Squirrel Hill South,8
ChIJR0IGCADyNIgRvOjy0MNoRTs,Squirrel Hill South,10
ChIJ-7t67_7xNIgRT00uAV8ynN4,Squirrel Hill South,38
ChIJF8MtFMLxNIgRon3pDMIjAhE,Squirrel Hill South,40
ChIJo4Minv7xNIgRVktnEAAFCBU,Squirrel Hill South,39
ChIJdyHrh97xNIgRhSG-7v6c1So,Squirrel Hill South,7
ChIJWSLuPqHzNIgRPwtYJJ0MS6E,Highland Park,10
ChIJvTL5iH_yNIgRdO6KVGjHGXM,Highland Park,9
ChIJE5YAUp3yNIgRIJAi9h5VJmc,Morningside,3
ChIJG4Wlv3_yNIgRD72vwwni040,Highland Park,9
ChIJ_86ohnTyNIgRr-dolrlyapI,Shadyside,49
ChIJwTXFF1bzNIgRBtuoDvqaDAk,Shadyside,48
ChIJPWcNTYrzNIgR37erh1gupOE,East Liberty,48
ChIJBcn2m7LzNIgR9TG_cGShmus,East Liberty,50
ChIJDbCnsZnzNIgRiHI_XTdUWL0,East Liberty,36
ChIJq6pueXPyNIgR_3Td6iT1jtw,East Liberty,49
ChIJta2mTC3zNIgRWWrI37jfR6Y,Shadyside,49
ChIJT2aefnPyNIgRQ5S7I37vdJo,East Liberty,47
ChIJyZk6TnTuNIgRYkbnt5HepOA,East Liberty,47
ChIJuR3d3OrzNIgRjtHbCef0GP0,East Liberty,47
ChIJ2U961ErzNIgR_Q6HvAae7_s,East Liberty,37
ChIJibTcXnTyNIgRGUl5vW35uPU,Shadyside,49
ChIJfwD2p3PyNIgRvbg2tg__Oz8,East Liberty,47
ChIJV7Ep6nbyNIgRZRxAbwKeAF8,East Liberty,25
ChIJmWLN6GnzNIgRo8_Bfz1dHAw,East Liberty,43
ChIJAZ2LBnTyNIgRuOijoRkjvzI,East Liberty,34
ChIJtfj1dHTyNIgRufxtaSnXwO4,East Liberty,36
ChIJRfuKPGnzNIgR_18jx90DqIk,Shadyside,41
ChIJeYLZfXPyNIgRWDOFw-mvS9g,East Liberty,49
ChIJJ5Vo3wXzNIgR5dwpSgzW7_I,East Liberty,40
ChIJr9grg3TyNIgRDTLMzxnA_QY,Shadyside,48
ChIJ85r6U3PyNIgRShRo4vMObTI,Shadyside,34
ChIJk3ZweXPyNIgR8yU9fdW2sAE,East Liberty,47
ChIJFZFaXXPyNIgRqHdSvWV0XJE,East Liberty,35
ChIJcUkTqHTyNIgRLy_IP94UFBA,Shadyside,46
ChIJWQh7rAzyNIgR2SmJQjW3nAs,Shadyside,28
ChIJf8-9UXPyNIgR0MoGEhLB1VY,Shadyside,30
ChIJgRGc7WXuNIgRWWuiWGKgCI4,Shadyside,39
ChIJ-xSPSIvtNIgROIxeTVTEcqM,Bakery Square,6
ChIJqb4DQg3yNIgRyPkcGL6oQko,Shadyside,19
ChIJ5ZgTcwfzNIgRK-c2BoTZ9vc,Bloomfield,19
ChIJ4y5iaA3yNIgRlveZw8ch5ew,Shadyside,18
ChIJDRzTaXTyNIgRr-Lofpxky2w,East Liberty,40
ChIJJyuhq3XyNIgRWy9Y9vlV3Oc,East Liberty,37
ChIJK7NDJ3PyNIgRnm1MTAat90w,Shadyside,23
ChIJWXZrWqXtNIgRm2RPZqg8R8I,Bakery Square,5
ChIJVdUuLdXzNIgRvALLqvy_rwY,Shadyside,49
ChIJ1UhbPQjzNIgRHEWiUMjOknk,Bloomfield,19
ChIJ7Z96hYTyNIgRYGJl3swgnp4,Bakery Square,5
ChIJEfGbKwDyNIgR-iKYm8ZnK9U,Squirrel Hill North,34
ChIJt-D2X5_zNIgRz9ps_RHI-Og,Squirrel Hill North,36
ChIJz1h41wHyNIgR0AVlKsbGd4k,Squirrel Hill South,34
ChIJWzNtxbfzNIgRJXA9L56crus,Squirrel Hill North,32
ChIJ2TLs4XTxNIgRdosg14v5Zbk,Squirrel Hill South,41
ChIJ2bCX4u3zNIgRffs3LXEuos4,Squirrel Hill South,37
ChIJpZy2hejzNIgRQwot09jRySs,Squirrel Hill North,31
ChIJ3TSizQHyNIgR7BC1XJB1zFE,Squirrel Hill North,36
ChIJc7q2DTvxNIgR5K3SOPvVKUw,Squirrel Hill South,37
ChIJB8xjqIDzNIgRMVrLT_jOZfw,Squirrel Hill South,36
ChIJl_sqJADyNIgRQFP6M9vWblk,Squirrel Hill South,37
ChIJdeLTv07xNIgRX9CnXW42LYE,Squirrel Hill South,36
ChIJU-45Yv_xNIgRciJEiRDX_LU,Squirrel Hill South,34
ChIJwy6Z7v7xNIgRVHQFJTCXZIA,Squirrel Hill South,40
ChIJXR5HGADyNIgRlG94zJiYKZE,Squirrel Hill South,31
ChIJPUJMmf7xNIgRGE-k0pnaxro,Squirrel Hill South,40
ChIJS4w6F__xNIgRHBCgNlvm6hY,Squirrel Hill South,46
ChIJY7-zEQDyNIgRnr2vhjLZ77w,Squirrel Hill North,30
ChIJ-041qUrxNIgRJhS5iBmhLnI,Squirrel Hill South,42
ChIJY8Gdq2_zNIgRAa39P2rQJc8,Squirrel Hill North,35
ChIJuyHL7f7xNIgREhCvl94Nmp8,Squirrel Hill South,40
ChIJO1Y0l_7xNIgRD-FhmdnGPsA,Squirrel Hill South,39
ChIJNVsfYR_yNIgR4lHAYMWATb0,Squirrel Hill North,21
ChIJo8aPmf7xNIgRV9yjm17UQt0,Squirrel Hill South,40
ChIJleE02AHyNIgRsQ8kBSbcncw,Squirrel Hill South,34
ChIJe94cciLyNIgRdN_PX7Lnl18,Squirrel Hill North,16
ChIJy4AT9-LxNIgRZyAiiPJU6xo,Squirrel Hill South,40
ChIJ6WqCYf_xNIgRLF0LEZn2XH0,Squirrel Hill South,34
ChIJr5-PxPTzNIgRQkBX3TxkspU,Squirrel Hill South,29
ChIJ_TOmxfbtNIgREOzdauNQIus,Point Breeze,5
ChIJxYa44v7xNIgRM0tbj-YIWG4,Squirrel Hill South,35
ChIJa2ZLkf7xNIgR0T4Mb28ngVY,Squirrel Hill South,42
ChIJ5zBe-P_tNIgRMzm5yHn9g0k,Squirrel Hill South,10
ChIJUWlACQDyNIgREUt5L5b1ccw,Squirrel Hill North,22
ChIJW4mbBNjzNIgRYmFrVv01reY,Squirrel Hill North,31
ChIJq2y5XPzxNIgR6am_dkfqh2c,Squirrel Hill South,34
ChIJh9UePtzzNIgRsWPBOb3uS9w,Squirrel Hill South,34
ChIJMaOoKfDxNIgRRtdwslgnQNY,Squirrel Hill South,40
ChIJOYLk35jzNIgR3SDcof8vRuY,Squirrel Hill South,37
ChIJ1UtXA63xNIgR-QiZCuSxq9k,Squirrel Hill South,37
ChIJKz22Ah_yNIgRbiYIedRcemI,Squirrel Hill North,17
ChIJG-eFCADyNIgRTaCHY2zqm1w,Squirrel Hill South,22
ChIJW8ApajbvNIgRQ9loNp2N3zc,New Homestead,2
ChIJCed4bubxNIgRlp7B_7Fdqw0,Greenfield,19
ChIJMeFNAFnxNIgR62Y1n_exNUU,Regent Square,1
ChIJOby4E-TvNIgRWcjBLfHJ-S4,Lincoln Place,12
ChIJ3TjCauTvNIgRdCnTzbVhSKM,Lincoln Place,16
ChIJ4fyYe8PtNIgRVpy6iAusL60,Lincoln-Lemington-Belmar,20
ChIJe59DvhPtNIgRQHy359SGF0E,Lincoln-Lemington-Belmar,20
ChIJf3pm97XsNIgRAK5HRi4gYrE,Lincoln-Lemington-Belmar,3
ChIJyQ0Jh3XyNIgRqa_YXoFXgkY,East Liberty,31
ChIJDfC91HLzNIgRArtzxCsywto,East Liberty,46
ChIJw6fvbfbtNIgRqWTFkxKrJTE,Bakery Square,5
ChIJFTbxe8TtNIgRad8ZhAxxCww,Bakery Square,6
ChIJ_YiyhabtNIgRbCv35jqJfJ0,Bakery Square,6
ChIJR2-dnCrtNIgR6a9zwrmhq6I,Bakery Square,4
ChIJl-J-t4rtNIgRpEmEk601GX8,East Liberty,14
ChIJmccYg5LtNIgR2eNthmMJg_g,Homewood West,35
ChIJVwsiqHTyNIgRA4eK4lD0_PM,Shadyside,41
ChIJZU5v0vbtNIgRMii7ACbO6JI,Point Breeze,5
ChIJ63Fc-0vtNIgRw2glXcAQpoA,Bakery Square,6
ChIJraxyITztNIgRGBukmraKAgU,Bakery Square,4
ChIJOR25pQzyNIgRs3ph0-Be0BQ,Shadyside,28
ChIJ9TDbxYrtNIgRObPCSOgy3AE,East Liberty,8
ChIJ8dgFY__xNIgRCzjxWltwItw,Squirrel Hill South,36
ChIJf6kfwMLtNIgRXT8RnzFUh9s,Regent Square,1
ChIJ24QQrXXuNIgRBYsiNnow9JA,Regent Square,1
ChIJT2VbCRvvNIgRmRFQP6K9iXw,Regent Square,1
ChIJB3sjdsfsNIgR2rV5Lh1JcBI,Lincoln-Lemington-Belmar,22
ChIJYbWigLXsNIgRVKwrXkzaj8g,Lincoln-Lemington-Belmar,3
ChIJzd4VsErtNIgRHQa3VqDnbgI,Lincoln-Lemington-Belmar,3
ChIJeSSmJRLtNIgRBOgP766JQ7I,Lincoln-Lemington-Belmar,22
ChIJhQxuGDaTNIgRooR0K7xcCc4,Lincoln-Lemington-Belmar,3
ChIJ13K0kUDtNIgRBTZWdoV4cDE,Lincoln-Lemington-Belmar,22
ChIJ-d12ncfsNIgRdZGi3XtccTQ,Lincoln-Lemington-Belmar,3
ChIJKYxxdsfsNIgRZsmnJBFzihQ,Lincoln-Lemington-Belmar,30
ChIJQ06KcDWTNIgR_KOB-hCyPO8,Lincoln-Lemington-Belmar,3
ChIJMzWYo7TtNIgRJKRSaMn2IvY,East Hills,21
ChIJweotuhHtNIgRWG1WxQOvrtI,Lincoln-Lemington-Belmar,3
ChIJcyYHp8rsNIgRHsRu6o0h96k,Lincoln-Lemington-Belmar,20
ChIJSxg7nsfsNIgROL-GRoQfvWM,Lincoln-Lemington-Belmar,30
ChIJy6fvtQntNIgRbwV3UV3y9jQ,Homewood West,42
ChIJtfL375LtNIgRoaRaH6Jvl7A,Homewood West,40
ChIJzwyZddvtNIgRs4e3uCsS1-s,Homewood North,83
ChIJ8YKHuArtNIgR-agLYrZ00-0,Homewood South,34
ChIJOUrEhvftNIgRExY3TbnV6-Y,Point Breeze,18
ChIJhy57tOntNIgROFIEFKXVngs,Point Breeze,18
ChIJq1hYRLHtNIgRdCtW_bZslaA,Regent Square,8
ChIJV6x6LsHtNIgRwp7VohSDHT4,Homewood South,48
ChIJhf_eEmztNIgRtb3sUYxdgag,Regent Square,5
ChIJx5twJ2zzNIgROW-CtRhUKys,Squirrel Hill South,30
ChIJBXsjpODtNIgRG6z6bTSjwNc,Regent Square,8
ChIJd6t7bKjtNIgRHcA-CrxDtDw,Regent Square,9
ChIJhZT5r9XtNIgRoapjTzxiSk8,Homewood South,45
ChIJUb5wEu3tNIgRivUh-Ckdlo4,Homewood North,42
ChIJ124PqiPtNIgRA-U3vYMZElE,Homewood North,40
ChIJLwMVDMbtNIgRBz19z_C0Gr4,Homewood South,52
ChIJYX8MOr_tNIgRy3u8brxJ7Vc,Homewood North,55
ChIJqXr2PsPtNIgRwLgSS75mbwg,Point Breeze,23
ChIJX8zp4sLtNIgR-Y_LhQ6wDe0,Point Breeze North,18
ChIJN3RDUXTuNIgR6nGsrFqr8E8,Regent Square,1
ChIJ0VPq8RvtNIgRj5Ga8BZOeHA,Lincoln-Lemington-Belmar,3
ChIJP-ftn8rsNIgRKFmLqVQEOs4,Lincoln-Lemington-Belmar,20
ChIJmQXUvBHtNIgRx7a8ckWj4Xo,Lincoln-Lemington-Belmar,6
