place_id,name,business_status,formatted_address,latitude,longitude,price_level,rating,user_ratings_total
ChIJb9pBLvT1NIgRiTY-50W4PAA,Rockefeller's Grille,OPERATIONAL,"1833 McKees Rocks Rd, McKees Rocks, PA 15136",40.4680611,-80.09488259999999,2,4.4,946
ChIJe5Wjhyj1NIgRJd2uIm_Y9do,Au’Driana’s II,OPERATIONAL,"719 Broadway Ave, McKees Rocks, PA 15136",40.472536,-80.0740972,,5,11
ChIJq6uowIr1NIgRpu7JnizI0I8,Bobby D's Burgers & Barbecue,OPERATIONAL,"564 Pine Hollow Rd, McKees Rocks, PA 15136",40.4748106,-80.0980786,2,4.3,476
ChIJ5Xv9xr_1NIgRZ9tg4BKZKvk,1905 Eatery,OPERATIONAL,"733 Broadway Ave, McKees Rocks, PA 15136",40.4726715,-80.0746447,2,4.7,160
ChIJGfyhEsb1NIgRsvGHYVX2xRo,The Snack Shop,OPERATIONAL,"906 Chartiers Ave, McKees Rocks, PA 15136",40.4658498,-80.06599,,4.4,13
ChIJlQTQt7_1NIgR8OCyUORpHw8,Mama Lena’s Pizza,OPERATIONAL,"732 Broadway Ave, McKees Rocks, PA 15136",40.4729513,-80.0744022,1,4.4,513
ChIJVT6QO7f1NIgRd_2d9VYCWPs,FABS RESTAURANT,OPERATIONAL,"811 Broadway Ave, McKees Rocks, PA 15136",40.4729594,-80.0751873,2,4.7,45
ChIJLXldM3_1NIgRjWw5qEJiyN8,SHAY AND BAEEE RESTAURANT & CATERING,OPERATIONAL,"824 Chartiers Ave, McKees Rocks, PA 15136",40.4659997,-80.0653011,,4.5,21
ChIJAWSDb272NIgRgotBKj6gHdU,Hanlon's Cafe,OPERATIONAL,"17 Foster Ave, Pittsburgh, PA 15205",40.4409843,-80.0693256,1,4.5,484
ChIJhYJfjL31NIgR3phOvhgBNEs,DBO's,OPERATIONAL,"635 Hillsboro St, Pittsburgh, PA 15204",40.4532124,-80.05370909999999,,4.8,15
ChIJqwwHp7_1NIgRE9svlIXBLsA,Hook Fish and Chicken,OPERATIONAL,"700 Broadway Ave, McKees Rocks, PA 15136",40.4725661,-80.0731923,1,4.1,349
ChIJV6GdqZP3NIgRpecys9fvIKc,Biryani House Restaurant LLC,OPERATIONAL,"238 Crafton Ingram Shopping Center, Crafton, PA 15205",40.4417329,-80.07063459999999,,4.7,41
ChIJOS307232NIgRcPrtTwNlngE,Mugshots Cafe,OPERATIONAL,"25 Walsh Rd, Pittsburgh, PA 15205",40.4397128,-80.0710659,1,4.1,294
ChIJy78m8Br2NIgRJtZcVL4lADI,Fireside Inn,OPERATIONAL,"4214 Steubenville Pike, Pittsburgh, PA 15205",40.439842,-80.089147,1,4.1,293
ChIJH4rRver1NIgRVFzbJQZ5eRY,Hunan Wok Chinese Takeout,OPERATIONAL,"500 Pine Hollow Rd, McKees Rocks, PA 15136",40.4738804,-80.0971718,2,4.1,111
ChIJCapHMF71NIgR_JxobXLFVc0,BIG SHOT BOB’s KENNEDY - THE ORIGINAL,OPERATIONAL,"1734 Pine Hollow Rd, McKees Rocks, PA 15136",40.4757774,-80.097523,,3.9,79
ChIJrc-UB2FfNIgR-dGX1w_19uc,Picasso's Pizza & Pasta,OPERATIONAL,"1770 Pine Hollow Rd, McKees Rocks, PA 15136",40.476512,-80.10075499999999,2,4.1,182
ChIJfxhPcclYNIgRBM69hDjAV0U,Juliano's Restaurant & Catering,OPERATIONAL,"In Robinson, 5476 Steubenville Pike, McKees Rocks, PA 15136",40.450229,-80.12610699999999,2,4.6,746
ChIJS83V7ST1NIgRc-sgPTWpu68,Taco Bell,OPERATIONAL,"230 Langer Way, McKees Rocks, PA 15136",40.4689693,-80.09655529999999,1,3.3,163
ChIJJ9mtM9ZYNIgRC-1hvbL0kfQ,Ricci's Italian Sausage,OPERATIONAL,"500 Pine Hollow Rd, McKees Rocks, PA 15136",40.4752261,-80.098738,2,4.7,190
ChIJ1Rs45933NIgRw9lKs0mGS0o,Caliente Pizza & Draft House,OPERATIONAL,"288 W Steuben St, Pittsburgh, PA 15205",40.440249,-80.0807622,,4.2,162
ChIJyb4G-m32NIgRZ5ZjAQK2qpE,Chan An,OPERATIONAL,"37 Walsh Rd, Pittsburgh, PA 15205",40.4400185,-80.071063,1,4,265
ChIJb1vGv1_2NIgRTz6RVpyC9Do,Angkor Restaurant,OPERATIONAL,"2350 Noblestown Rd # 18, Pittsburgh, PA 15205",40.42705960000001,-80.05622819999999,2,4.6,282
ChIJ1fGLtlr2NIgRqaKcZnuGGdE,Scoglio's Greentree,OPERATIONAL,"661 Andersen Dr #100, Pittsburgh, PA 15220",40.4205003,-80.06432819999999,2,4.6,501
ChIJaxN2Ae9ZNIgRaHlgYMXkbnY,Saigon88 Express,OPERATIONAL,"5500 Steubenville Pike, McKees Rocks, PA 15136",40.4504401,-80.1268133,,4.8,248
ChIJuxnD_Qr3NIgR5w8tpHK2JTA,Speedy Cafe,OPERATIONAL,"4311 Steubenville Pike, Pittsburgh, PA 15205",40.4402759,-80.0929941,1,1,1
ChIJ2TuQWsn1NIgR-8tWz4t_t-k,Gavino's Pizza,OPERATIONAL,"528 Chartiers Ave, McKees Rocks, PA 15136",40.4652622,-80.0596788,1,4.1,249
ChIJdZCZI8n1NIgR4zFAv6MpL0c,Suds & Subs,OPERATIONAL,"704 Chartiers Ave, McKees Rocks, PA 15136",40.4658323,-80.06151129999999,1,4.3,523
ChIJ44It78n1NIgRZDoCDc44IqM,Pierogies Plus,OPERATIONAL,"342 Island Ave, McKees Rocks, PA 15136",40.4688339,-80.06004449999999,2,4.7,790
ChIJ7Qg5r9b1NIgRsfDQeFiPDQ0,B & M Market,OPERATIONAL,"3038 Chartiers Ave, Pittsburgh, PA 15204",40.4540565,-80.0598018,,4.2,52
ChIJ-6Ogb272NIgR57I-6-HxkUk,Pizza Palermo,OPERATIONAL,"45 Foster Ave, Crafton, PA 15205",40.4395654,-80.0693642,2,4.1,350
ChIJuf7KWm72NIgRjtW5bQFtP0c,Portofino's Pizza & Pasta,OPERATIONAL,"28 W Steuben St, Crafton, PA 15205",40.4382345,-80.0682406,1,4,278
ChIJPUHlkVH3NIgRMwVmDx22dPM,NakaEndZone BBQ,OPERATIONAL,"1310 Crafton Blvd, Pittsburgh, PA 15205",40.4379521,-80.05463490000001,,4.8,195
ChIJb1vGv1_2NIgRHMolqSfzEd4,Blinky's Noble Grill & Bar,OPERATIONAL,"2350 Noblestown Rd # 11, Pittsburgh, PA 15205",40.42761369999999,-80.0551759,1,4.3,309
ChIJN2q_Pu32NIgRkLq00CgD7ZA,The Alcove,OPERATIONAL,"875 Greentree Rd Building 7 suite 110, Pittsburgh, PA 15220",40.4246112,-80.0408305,1,4.5,169
ChIJX9Zv-Zz2NIgRuL5tXjwo8mU,Lorenz Cafe,OPERATIONAL,"718 Lorenz Ave, Pittsburgh, PA 15220",40.4447414,-80.0396805,1,4.1,136
ChIJsyO-iLP1NIgRH2V8gfE8bVI,Becker's Cafe,OPERATIONAL,"315 Olivia St, McKees Rocks, PA 15136",40.4746934,-80.0570346,1,3.9,146
ChIJEzR_yb_1NIgRJhGGeEUgaRA,Lynn's Cafe & Quality Catering,OPERATIONAL,"800 Broadway Ave, McKees Rocks, PA 15136",40.47313550000001,-80.0746307,1,4.4,165
ChIJBZR0o1_2NIgRSCYvsmM7xIo,Ugly Dog Saloon,OPERATIONAL,"2351 Noblestown Rd #1, Pittsburgh, PA 15205",40.4267437,-80.0555747,1,4,308
ChIJb1vGv1_2NIgRenmWzsqUhas,Wiggy’s,OPERATIONAL,"2350 Noblestown Rd, Pittsburgh, PA 15205",40.4271405,-80.05612649999999,1,4.3,382
ChIJb1vGv1_2NIgRIDgpsjE9d3Q,Eggs R Us,OPERATIONAL,"2350 Noblestown Rd, Pittsburgh, PA 15205",40.4274789,-80.0554945,1,4,508
ChIJTRTmsFv2NIgR56ConX9mTsg,Hormel Foods,OPERATIONAL,"651 Holiday Dr # 215, Pittsburgh, PA 15220",40.4221809,-80.06075419999999,,2,1
ChIJsRlsnIr2NIgRhMWMKrdRWY4,Sammy's Pizzeria,OPERATIONAL,"2145 Noblestown Rd, Pittsburgh, PA 15205",40.430138,-80.053179,1,4.4,255
ChIJb1vGv1_2NIgRSBcItOk_ru0,Mineo's Pizza,OPERATIONAL,"2350 Noblestown Rd, Pittsburgh, PA 15205",40.42749999999999,-80.055601,2,3.8,196
ChIJFdcDP1r2NIgR-NdiIUxgdo4,Foster's Restaurant & Catering,OPERATIONAL,"680 Andersen Dr # 10, Pittsburgh, PA 15220",40.420895,-80.060234,,4,23
ChIJJZ5vVPX2NIgRSxdM1T5midk,Arby's,OPERATIONAL,"2251 Noblestown Rd, Crafton, PA 15205",40.4284943,-80.05319829999999,1,4.2,505
ChIJlRGtqor2NIgROYUiwpdjbGg,Wendy's,OPERATIONAL,"2237 Noblestown Rd, Pittsburgh, PA 15205",40.4290379,-80.0532206,1,3.4,845
ChIJBZR0o1_2NIgR8GWp4iNKSSw,Phong May House,OPERATIONAL,"2351 Noblestown Rd, Pittsburgh, PA 15205",40.4268825,-80.055093,,3.4,84
ChIJ_8x4WV72NIgRdHZtt9X8GVU,Brighton Hot Dog Shoppe,OPERATIONAL,"2401 Noblestown Rd, Pittsburgh, PA 15205",40.4268913,-80.0572384,1,4.4,835
ChIJ7WeBIaf1NIgRUhUutFl8HT4,Flavors Famous Street Food,OPERATIONAL,"3231 Brighton Rd, Pittsburgh, PA 15212",40.4758776,-80.0315512,2,4.6,307
ChIJFboKMAD0NIgR3_ajWICnKI0,Burgatory,OPERATIONAL,"342 N Shore Dr, Pittsburgh, PA 15212",40.4462352,-80.01091,2,4.5,3346
ChIJt62jMx30NIgRibh1mXpcjig,North Shore Cafe,OPERATIONAL,"1501 Reedsdale St # 2, Pittsburgh, PA 15233",40.4494833,-80.02717849999999,1,4.4,30
ChIJX3TbmQT0NIgRjXCvau84uyM,Lindos Restaurant,OPERATIONAL,"947 Western Ave, Pittsburgh, PA 15233",40.4513889,-80.01833330000001,1,4.2,625
ChIJQ-R_o2n0NIgRDT40vwLXim8,Cerasoli Pizzeria,OPERATIONAL,"3053 Brighton Rd, Pittsburgh, PA 15212",40.47358880000001,-80.028981,1,4.3,224
ChIJXd7742n3NIgRq9G16_xA6uI,Sharks Fish & Chicken,OPERATIONAL,"1000 Chartiers Ave, Pittsburgh, PA 15220",40.4441899,-80.0405876,2,3.4,14
ChIJD2S7oJf2NIgRlyHw08SanEo,Tramp's,OPERATIONAL,"412 Greentree Rd, Pittsburgh, PA 15220",40.43566879999999,-80.0339699,1,4.2,316
ChIJi4fvJZb2NIgRn4e39Wyovvc,Johnny's Diner,OPERATIONAL,"1900 Woodville Ave, Pittsburgh, PA 15220",40.43370850000001,-80.0314049,1,4.7,486
ChIJt_Ur43L3NIgRacyHl8fofXc,Wing SZN - Crafton Heights,OPERATIONAL,"1511 Stratmore St, Pittsburgh, PA 15205",40.4382125,-80.05603669999999,,3.2,5
ChIJ_25qYfr2NIgRnrXIPix3PVA,Aracri's Greentree Inn Restaurant,OPERATIONAL,"1006 Greentree Rd, Pittsburgh, PA 15220",40.4169159,-80.04535609999999,2,4.3,239
ChIJO23P7_b2NIgRQ0UiM5J78jE,Vincent's of Greentree,OPERATIONAL,"333 Mansfield Ave, Pittsburgh, PA 15220",40.421,-80.05002999999999,2,4.2,873
ChIJaXW2-_D2NIgRv_-Cc7QZr4I,Olive Garden Italian Restaurant,OPERATIONAL,"971 Greentree Rd, Pittsburgh, PA 15220",40.4198324,-80.04569769999999,2,4.2,2361
ChIJu3SaTPX2NIgR74g_OkXoxZ0,China Buffet King,OPERATIONAL,"2249 Noblestown Rd, Pittsburgh, PA 15205",40.42848499999999,-80.052526,1,3.8,1533
ChIJ485t1vj0NIgRWvPTN26wOJ8,Thai Tamarind,OPERATIONAL,"172 Lincoln Ave, Bellevue, PA 15202",40.4912502,-80.0475228,2,4.6,473
ChIJU7TUSGP1NIgRUkLLl9uhXNE,202 Hometown Tacos,OPERATIONAL,"407 Lincoln Ave, Bellevue, PA 15202",40.4941025,-80.05280739999999,1,4.3,556
ChIJaa78xV70NIgR2lYFoRs3cyU,Pittsburgh Fish & Chicken,OPERATIONAL,"1312 Benton Ave, Pittsburgh, PA 15212",40.4844783,-80.0364757,1,4.1,257
ChIJe02f2ln0NIgRuSKZiAt1vyg,Miller's Seafood House,OPERATIONAL,"3853 California Ave, Pittsburgh, PA 15212",40.4851519,-80.04189869999999,2,3.9,308
ChIJ61FkY1r0NIgRII7jzrAhpqM,Pops & Son Pizzeria,OPERATIONAL,"3627 California Ave, Pittsburgh, PA 15212",40.4809807,-80.0414764,1,3.4,206
ChIJXdGgvQP1NIgRBnVrDuK1WGk,Dari-Villa Restaurant,OPERATIONAL,"559 Lincoln Ave, Bellevue, PA 15202",40.496348,-80.05761799999999,1,4.6,264
ChIJEYDeeAP1NIgRDOJC5eC3Xc0,Pizza Ephesus,OPERATIONAL,"501 Lincoln Ave, Bellevue, PA 15202",40.495497,-80.055789,2,3.7,200
ChIJucxxowP1NIgR5OilbCFCS5Q,Joe's Rusty Nail Restaurant,OPERATIONAL,"560 Lincoln Ave, Bellevue, PA 15202",40.496663,-80.05738099999999,1,4.6,690
ChIJK0F7yA_1NIgRXBYlp79oNw4,Vibe Bellevue,OPERATIONAL,"6 N Balph Ave, Bellevue, PA 15202",40.4957972,-80.0553077,,4.5,109
ChIJKVeC1B71NIgR_JyGk57q2SA,EVIA Greek Restaurant,OPERATIONAL,"564 Lincoln Ave, Bellevue, PA 15202",40.4966341,-80.0575037,,4.8,136
ChIJFSzFXc71NIgRfQq5-Nq2Hw8,"ToLuca Mexican Grill, LLC",OPERATIONAL,"4401 Ohio River Blvd, Bellevue, PA 15202",40.48864409999999,-80.05786719999999,,4.5,303
ChIJNatzAP70NIgR8Kee_Ham_Iw,R & B's Pizza Place,OPERATIONAL,"421 Lincoln Ave, Bellevue, PA 15202",40.4942306,-80.0534242,1,4.2,294
ChIJL1CvLob1NIgRHZcSd_NIo5o,Dragon Town,OPERATIONAL,"503 Lincoln Ave, Bellevue, PA 15202",40.4955795,-80.0557958,1,3.9,67
ChIJ9ejYQw71NIgR2WwvdcUrOaY,Revival on Lincoln,OPERATIONAL,"366 Lincoln Ave, Bellevue, PA 15202",40.4942089,-80.052329,,4.6,257
ChIJsapo8Kr1NIgRajOhGHUMjAE,Arby's,OPERATIONAL,"4260 Ohio River Blvd, Bellevue, PA 15202",40.487646,-80.0556187,1,4.1,835
ChIJKbYfIzf1NIgR4Vy-gDHRViM,Maxwell's Pizza,OPERATIONAL,"600 Lincoln Ave, Bellevue, PA 15202",40.49703909999999,-80.0582635,1,4.3,231
ChIJzwM6c_70NIgRNpZ20ll0FSo,Papa Johns Pizza,OPERATIONAL,"357 Lincoln Ave, Bellevue, PA 15202",40.4936554,-80.05246679999999,1,3.2,150
ChIJeRApgwP1NIgRr7ab5RzL2gc,China Sea Chinese Restaurant,OPERATIONAL,"610 Lincoln Ave, Bellevue, PA 15202",40.4972056,-80.0583585,1,4.1,262
ChIJNcn3HWj0NIgRSw7-siX98oE,Wiseguys Pizza,OPERATIONAL,"1223 Woods Run Ave, Pittsburgh, PA 15212",40.47638310000001,-80.0311104,1,4,256
ChIJ0wO9t0b0NIgR1aZ3xP_Knco,Don's Diner,OPERATIONAL,"1729 Eckert St, Pittsburgh, PA 15212",40.47170610000001,-80.0373187,1,4.6,267
ChIJm-T3ZwT0NIgRXhIHSZHyBB0,Modern Cafe,OPERATIONAL,"862 Western Ave, Pittsburgh, PA 15233",40.4521399,-80.01643519999999,1,4.5,405
ChIJVZKH5vDzNIgRtHfQm2LeeOE,Legends Eatery,OPERATIONAL,"500 E North Ave, Pittsburgh, PA 15212",40.4565844,-80.0014734,2,4.7,446
ChIJd7igQwT0NIgRioSao7dLIBc,Nicky's Thai Kitchen,OPERATIONAL,"856 Western Ave, Pittsburgh, PA 15233",40.4521191,-80.0162658,2,4.5,971
ChIJnTohch30NIgR3yhnVJ8oJJc,Wheelhouse,OPERATIONAL,"777 Casino Dr, Pittsburgh, PA 15212",40.44765659999999,-80.0225727,2,4,321
ChIJKcgUmvfzNIgRBLShl8PA9U8,El Burro,OPERATIONAL,"1108 Federal St, Pittsburgh, PA 15212",40.4558948,-80.0065966,1,4.2,679
ChIJixr3YwL0NIgRIM-xM8ZFYFE,Primanti Bros.,OPERATIONAL,"100 Art Rooney Ave, Pittsburgh, PA 15212",40.4467079,-80.0168334,1,4.3,135
ChIJrU-zYQT0NIgRDOEgCd7HCKk,Giorgio's Place,OPERATIONAL,"908 Western Ave, Pittsburgh, PA 15233",40.4519852,-80.0170299,1,4.5,464
ChIJxTDgjgT0NIgRewoOyzRCUxE,Peppi's,OPERATIONAL,"927 Western Ave, Pittsburgh, PA 15233",40.451684,-80.0175126,1,4.7,1310
ChIJBST-0Jj2NIgRuZY91BqYQY0,Bella Monte Pizza,OPERATIONAL,"410 S Main St, Pittsburgh, PA 15220",40.44163289999999,-80.0333917,2,4.1,316
ChIJC2lwoS73NIgRD03ZeaPgShI,Steel Mill Saloon,OPERATIONAL,"1225 Grandview Ave, Pittsburgh, PA 15211",40.4381327,-80.0192792,,4.3,133
ChIJ07YvcLH2NIgRYuOrEBUNga0,Bigham Tavern,OPERATIONAL,"321 Bigham St, Pittsburgh, PA 15211",40.4324382,-80.0151844,2,4.5,1490
ChIJz1P8hZz2NIgRRuLBP_kT7FA,Terry's Snack Shop,OPERATIONAL,"906 Chartiers Ave, Pittsburgh, PA 15220",40.4434368,-80.0398319,,4.7,3
ChIJL9Eeh873NIgR2hDDPRrp9eQ,McIntosh Eatery,OPERATIONAL,"410 Greentree Rd, Pittsburgh, PA 15220",40.4357204,-80.0339726,,0,0
ChIJT3VNbcL2NIgRJhpHdjLRND0,Pittsburgh Barbecue Company,OPERATIONAL,"1000 Banksville Ave, Pittsburgh, PA 15216",40.4203608,-80.0306725,2,4.3,266
ChIJa_26Rt32NIgR_dkqGwuJicE,Eat'n Park,OPERATIONAL,"1250 Banksville Rd, Pittsburgh, PA 15216",40.4171322,-80.0301411,1,4.1,2208
ChIJT1r2IFj3NIgRrJ8iwasf9HE,Beto's Pizza,OPERATIONAL,"1473 Banksville Rd, Pittsburgh, PA 15216",40.4127068,-80.030394,1,4.5,2449
ChIJ9xkce932NIgRSiyVq84hrKY,Arby's,OPERATIONAL,"1378 Banksville Rd, Pittsburgh, PA 15216",40.414676,-80.030613,1,3.9,574
ChIJC-xqnfD2NIgRpFi9IAf6dLw,Boston Market,OPERATIONAL,"978 Greentree Rd, Pittsburgh, PA 15220",40.4180836,-80.04601199999999,1,3.4,803
ChIJOQEpVtn2NIgRYSWgTW5Jheg,El Paisano | Mexican Restaurant,OPERATIONAL,"1542 Beechview Ave, Pittsburgh, PA 15216",40.4111118,-80.0249436,1,4.2,236
ChIJP26l3tzzNIgRyle3s1NMfac,Chicken Latino,OPERATIONAL,"2100 Broadway Ave, Pittsburgh, PA 15216",40.4051169,-80.0302013,1,4.6,668
ChIJ9R6o7hz3NIgRoXHX6b9F_yI,Kabab and Curry Restaurant - Indian and Pakistani Cuisine,OPERATIONAL,"2890 Banksville Rd, Pittsburgh, PA 15216",40.404046,-80.0405052,2,4.7,1997
ChIJq8aTMiD3NIgRhl34BM3M62I,Slice on Broadway-Beechview,OPERATIONAL,"2128 Broadway Ave, Pittsburgh, PA 15216",40.4041462,-80.0303933,1,4.3,501
ChIJXTWUdlX3NIgRLsxLV-6novE,Alquisiras Paleteria,OPERATIONAL,"2056 Broadway Ave, Pittsburgh, PA 15216",40.4052218,-80.0301753,,4.5,168
ChIJeSJPCur3NIgRG2JwDtlfD3s,Chip and Kale,OPERATIONAL,"2102 Broadway Ave, Pittsburgh, PA 15216",40.4053621,-80.0301139,,5,7
ChIJnxGpywT3NIgR8_qyfVf3EM4,Mintt Indian Cuisine,OPERATIONAL,"3033 Banksville Rd, Pittsburgh, PA 15216",40.40106300000001,-80.0425186,2,3.9,1000
ChIJuWIkXnf3NIgRTkga-T2a3OU,La Cocina de Betty,OPERATIONAL,"1605 Broadway Ave, Pittsburgh, PA 15216",40.4103834,-80.0244752,,4.4,150
ChIJDYClFV71NIgRhvMb_CtJ2L4,Ida's Sandwich Shop,OPERATIONAL,"3921 Perrysville Ave, Pittsburgh, PA 15214",40.4903388,-80.0188202,,4.9,43
ChIJr6OpVEHzNIgRDsgj6DRJWf0,Silvioni's Restaurant,OPERATIONAL,"2125 Babcock Blvd, Pittsburgh, PA 15209",40.50931689999999,-79.9913658,2,4.4,550
ChIJxdrggVDzNIgR2LCBP8MzaCw,Rico's Restaurant,OPERATIONAL,"1 Rico Ln, Pittsburgh, PA 15237",40.514902,-80.002355,3,4.4,601
ChIJW9nIGEr1NIgRrLK4g4KmGvg,Severina Restaurant and Bar,OPERATIONAL,"1330 Center Ave, Pittsburgh, PA 15229",40.5182464,-80.04454190000001,2,4.8,157
ChIJz4A16HytNYgRZFAllacgcyU,BullDawg's Burgers,OPERATIONAL,"5336 Perry Hwy, Pittsburgh, PA 15229",40.5115423,-80.030507,,4.4,121
ChIJHWATNfDzNIgRDHPJXMN4wFw,Huszar,OPERATIONAL,"627 E North Ave #4844, Pittsburgh, PA 15212",40.4567312,-79.9988965,2,4.6,435
ChIJJ8cTqwX0NIgRX60PcZPX4Qk,Lola Bistro,OPERATIONAL,"1100 Galveston Ave, Pittsburgh, PA 15233",40.453668,-80.01688999999999,,4.8,73
ChIJp7J-MaL1NIgRYr9GHwUs5Ls,Leo. a public house,OPERATIONAL,"1207 Allegheny Ave, Pittsburgh, PA 15233",40.4539211,-80.0198305,,4.7,130
ChIJ-2C3sPfzNIgRpVpqW11Hncs,Siempre Algo,OPERATIONAL,"414 E Ohio St, Pittsburgh, PA 15212",40.453526,-80.00108279999999,,4.7,194
ChIJDS_4ZA_0NIgRm4werE0wkBo,Quik-It Chicken,OPERATIONAL,"820 Pennsylvania Ave, Pittsburgh, PA 15233",40.4562612,-80.0161723,1,3.4,103
ChIJTySFk8PzNIgR9oYnssqat_A,THE LUNCH BOX,OPERATIONAL,"1307 Federal St, Pittsburgh, PA 15212",40.4572118,-80.00781359999999,1,5,13
ChIJje1fLV3zNIgRPJ7_uwJbcxI,Taps and Taco,OPERATIONAL,"115 Federal St, Pittsburgh, PA 15212",40.4479426,-80.00439159999999,,3.9,72
ChIJK5NZfKLzNIgR6G1JvYJpRLw,40 North at Alphabet City,OPERATIONAL,"40 W North Ave, Pittsburgh, PA 15212",40.4555452,-80.0074976,,4.7,66
ChIJ-QhLYVbxNIgR7Hk4Ca0Qesc,täkō,OPERATIONAL,"214 6th St, Pittsburgh, PA 15222",40.4423048,-80.0021624,2,4.5,1400
ChIJp2EIZfDzNIgRq-iQ1IuOs3Y,Max's Allegheny Tavern,OPERATIONAL,"537 Suismon St, Pittsburgh, PA 15212",40.4552481,-79.9997368,2,4.5,1815
ChIJV-WNXQT0NIgRIlshvd0VSxE,Bier's Pub & War Streets Brewery,OPERATIONAL,"900 Western Ave, Pittsburgh, PA 15233",40.4520412,-80.01676789999999,,4.5,528
ChIJCZt9jGr0NIgRnHFkByewW6g,Cafe On the Corner,OPERATIONAL,"2700 Shadeland Ave, Pittsburgh, PA 15212",40.4692061,-80.0300309,,4.8,67
ChIJ7UXxRAP0NIgRnHHdP7MB1zY,Wendy's,OPERATIONAL,"725 Allegheny Ave, Pittsburgh, PA 15233",40.4502649,-80.01888199999999,1,3,1584
ChIJ59EdawP0NIgRRbOjAheTl7U,Taco Bell,OPERATIONAL,"705 Allegheny Ave, Pittsburgh, PA 15233",40.4498098,-80.01870559999999,1,3.3,1842
ChIJb6K0JAT0NIgRDyAPYKZrgVw,Allegheny Sandwich Shoppe,OPERATIONAL,"822 Western Ave, Pittsburgh, PA 15233",40.4524782,-80.01509659999999,1,4.7,349
ChIJLwV565z2NIgRIRvVCDCb7WI,Walid's Fish And Chicken,OPERATIONAL,"1000 Chartiers Ave, Pittsburgh, PA 15220",40.4441458,-80.0406548,1,3.7,106
ChIJI2q7FAL0NIgRUoBKaGaPw3A,Quaker Steak & Lube,OPERATIONAL,"Great Hall Area, 100 Art Rooney Avenue Sec. 109 & Sec. 136 Stadium, Pittsburgh, PA 15212",40.4467648,-80.0157603,2,3.5,25
ChIJMUHgoa_2NIgREmd-xXtHlwU,The Grandview Saloon,OPERATIONAL,"1212 Grandview Ave, Pittsburgh, PA 15211",40.4381429,-80.0185374,2,3.9,565
ChIJ2_KpOwL0NIgRlwzYNY03vzI,Goal Line,OPERATIONAL,"100 Art Rooney Ave, Pittsburgh, PA 15212",40.4473161,-80.0152173,,3,2
ChIJQWJcZ0vxNIgR4EY0p31x-BU,J & J's Family Restaurant & Catering,OPERATIONAL,"300 Shiloh St, Pittsburgh, PA 15211",40.4293777,-80.0074126,1,4.6,539
ChIJsZMZQkvxNIgRTT3U6FiRBx4,"Kavsar (No dine in,only take away or delivery)",OPERATIONAL,"16 Southern Ave, Pittsburgh, PA 15211",40.4288832,-80.00738199999999,2,4.3,551
ChIJscaPKe_xNIgR2QpQkr3O8h8,Terrene,OPERATIONAL,"224 W Station Square Dr, Pittsburgh, PA 15219",40.4337618,-80.00457709999999,,4.4,102
ChIJVwULpK_2NIgRV-6i71ZRc8o,Vue 412,OPERATIONAL,"1200 Grandview Ave, Pittsburgh, PA 15211",40.43789200000001,-80.0182358,2,4.1,742
ChIJPz5dmKX2NIgRgcESndEXxLQ,Monterey Bay Fish Grotto,OPERATIONAL,"1411 Grandview Ave, Pittsburgh, PA 15211",40.4386441,-80.0213101,4,4.7,1858
ChIJUTCorzr3NIgRufBFZYqcUZU,Las Palmas Tacos,OPERATIONAL,"1616 Broadway Ave, Pittsburgh, PA 15216",40.4100882,-80.0248407,,4.5,102
ChIJ4122GCj3NIgR4EygOp9VQyw,Fiori's Pizzaria,OPERATIONAL,"103 Capital Ave, Pittsburgh, PA 15226",40.40517880000001,-80.0185903,1,4.7,3038
ChIJi3B3Jdn2NIgRIBfXm2xDBdU,The Huddle,OPERATIONAL,"1648 Broadway Ave, Pittsburgh, PA 15216",40.4091417,-80.0248254,1,4.5,231
ChIJt1-O1Tr3NIgRuWJRAaD-mmc,Moonlite Cafe,OPERATIONAL,"530 Brookline Blvd, Pittsburgh, PA 15226",40.3955522,-80.02280379999999,1,4.6,416
ChIJAUeyl8f3NIgRTwaDXz1HcGs,Oak Hill Post,OPERATIONAL,"600 Brookline Blvd, Pittsburgh, PA 15226",40.3952469,-80.02243469999999,,4.9,222
ChIJyQLvQhf3NIgRxsBt6-pgAvQ,Fredo's Delicatessen,OPERATIONAL,"1451 Potomac Ave, Pittsburgh, PA 15216",40.3962402,-80.0353169,1,4.7,158
ChIJOZ3bWxf3NIgRp5JFr2ZxaLw,Don Campiti's Pizzeria,OPERATIONAL,"1509 Potomac Ave, South Hills, PA 15216",40.3966855,-80.0356407,1,4.4,379
ChIJAevxtlv3NIgR0JMMUbjRzvw,Mike & Tony's Gyros,OPERATIONAL,"2935 W Liberty Ave, Pittsburgh, PA 15216",40.3943672,-80.0350674,,4.6,270
ChIJ2cp3SQv3NIgRXniz0xnZfNI,New Saigon,OPERATIONAL,"1429 Potomac Ave, Pittsburgh, PA 15216",40.395543,-80.034904,2,4.8,54
ChIJYxLMbBf3NIgRx7kqj1SAMOY,Mekong Pho Gourmet,OPERATIONAL,"1429 Potomac Ave, Pittsburgh, PA 15216",40.3955688,-80.034824,1,4.1,181
ChIJFw8InBf3NIgRmeWFS5fq9Kc,Eat'n Park,OPERATIONAL,"2874 W Liberty Ave, Pittsburgh, PA 15216",40.3958372,-80.03347029999999,1,3.9,1131
ChIJS5rmxDr3NIgRUf_lWo0F_AU,Pitaland,OPERATIONAL,"620 Brookline Blvd, Pittsburgh, PA 15226",40.3948565,-80.0221186,1,4.8,1207
ChIJYRzUZHL3NIgR7gPA3I7dPSo,Btos kitchen tacos cerveza y tequila,OPERATIONAL,"3001 W Liberty Ave, Pittsburgh, PA 15216",40.392926,-80.03688869999999,,4.6,110
ChIJA05yFiD3NIgRgQjy44EeirI,Big Shot Bob's House of Wings - Beechview,OPERATIONAL,"109 Brookline Blvd, Pittsburgh, PA 15226",40.3979392,-80.02619059999999,2,4.3,279
ChIJPVFI4jD3NIgR5Jo9EvY00m8,Jolina's Mediterranean Cuisine,OPERATIONAL,"1011 Brookline Blvd, Pittsburgh, PA 15226",40.392127,-80.017296,2,4.7,202
ChIJOzCDRRH3NIgRxhpNGfKiAJ8,My Thai,OPERATIONAL,"3024 W Liberty Ave, Pittsburgh, PA 15216",40.3927676,-80.0373908,2,4.5,429
ChIJgwGoTkr3NIgRieT0XxmhOdg,Amel's Restaurant,OPERATIONAL,"435 McNeilly Rd, Pittsburgh, PA 15226",40.3830658,-80.01556599999999,2,4.5,796
ChIJv_rbhDr3NIgRUBkvX7v9iiY,Antonio's Pizzeria,OPERATIONAL,"758 Brookline Blvd, Pittsburgh, PA 15226",40.3936385,-80.0201379,1,4.4,192
ChIJr8RUWRH3NIgRxBdRRTsoMeQ,Giovanni's Pizza & Pasta,OPERATIONAL,"3047 W Liberty Ave, Pittsburgh, PA 15216",40.3921346,-80.0378176,1,4,324
ChIJr4Wg9TD3NIgR8jYspDUxnz8,Hank's Hotdogs Too,OPERATIONAL,"919 Brookline Blvd, Pittsburgh, PA 15226",40.3927959,-80.01844679999999,1,4.4,114
ChIJn-G15zD3NIgRr6pChHoTvvg,Tong Garden,OPERATIONAL,"956 Brookline Blvd, Pittsburgh, PA 15226",40.3918257,-80.0176657,1,4.2,109
ChIJQ9yvbpX3NIgRc042Rjs7NTk,Marisquería Insomnia,OPERATIONAL,"810 Brookline Blvd, Pittsburgh, PA 15226",40.3932952,-80.0198669,,2.8,13
ChIJ8XMlkWv3NIgRq1BIaBPcJ7s,Dancing Crab Thai,OPERATIONAL,"3271 W Liberty Ave, Pittsburgh, PA 15216",40.389294,-80.0416704,,4.4,74
ChIJn0xNy1rzNIgRbbr2-fq_cuE,Kretzler's Tavern,OPERATIONAL,"2240 Babcock Blvd, Pittsburgh, PA 15237",40.5125086,-79.9971571,2,4.1,576
ChIJJ8elG8j0NIgR-idWpPNqJVg,DiPietro's,OPERATIONAL,"412 Perry Hwy, Pittsburgh, PA 15229",40.5184339,-80.0316572,2,4.5,424
ChIJPxDk0VXzNIgR2W5wBEOmyYg,Stoke’s Grill,OPERATIONAL,"4771 McKnight Rd #5, Pittsburgh, PA 15237",40.5207144,-80.0056825,2,4.2,490
ChIJc3XI4bf0NIgRWFiQNvHOPNo,Royal Myanmar Restaurant,OPERATIONAL,"644 Center Ave, Pittsburgh, PA 15229",40.5185733,-80.0310441,1,4.7,194
ChIJPxDk0VXzNIgRxG3GMplzkw8,El Campesino North Hills,OPERATIONAL,"4771 McKnight Rd, Pittsburgh, PA 15237",40.5208541,-80.00573349999999,1,4.4,1132
ChIJX6ybRETzNIgRQsGAPzQYIkY,Monte Cello's Italian Restaurant,OPERATIONAL,"2198 Babcock Blvd, Pittsburgh, PA 15209",40.5111111,-79.9933333,2,4.5,1524
ChIJGztfNsj0NIgR7dVzogxqNd4,Isaly Co,OPERATIONAL,"448 Perry Hwy, West View, PA 15229",40.519801,-80.03241009999999,1,4.6,194
ChIJU9oLXFrzNIgRbpvUA_JjGOY,Lupi's Famous Pizza,OPERATIONAL,"2311 Babcock Blvd, Pittsburgh, PA 15237",40.5133351,-80.0007555,1,3.8,161
ChIJuSg4d9v0NIgRwC9BwhBCY5o,Danny's Bar & Grill,OPERATIONAL,"1511 Center Ave, Pittsburgh, PA 15229",40.5145284,-80.0448983,1,4.4,169
ChIJi8I0wRONNIgRIKuk0yby6Ug,Doce Taqueria,OPERATIONAL,"4826 McKnight Rd, Pittsburgh, PA 15237",40.5274174,-80.0058401,1,4.5,585
ChIJ3ejbFb_zNIgRbaGSDkFD6Jw,Scratch & Co.,OPERATIONAL,"1720 Lowrie St, Pittsburgh, PA 15212",40.46434379999999,-79.9822782,2,4.6,438
ChIJu6SNGajzNIgRzhWFLJw3YTs,Millvale Diner,OPERATIONAL,"301 North Ave, Pittsburgh, PA 15209",40.481823,-79.9743036,1,4.2,418
ChIJReLa5-_zNIgRj2_pLh7ZKpQ,Verdetto's | Bar & Restaurant,OPERATIONAL,"814 Madison Ave, Pittsburgh, PA 15212",40.4552738,-79.9969666,1,4.2,180
ChIJGRG_kPrzNIgRJRT0EjM9vSI,Lillen's Restaurant,OPERATIONAL,"535 E Ohio St, Pittsburgh, PA 15212",40.45359670000001,-79.9994251,1,3.8,237
ChIJ35Bl9PjzNIgRTIhia8PVFEY,Parkhurst Dining Services,OPERATIONAL,"10 Allegheny Square E, Pittsburgh, PA 15212",40.4511829,-80.0048758,,5,1
ChIJsy6SvvfzNIgRTl_IG4-Rel8,Hook Fish and Chicken,OPERATIONAL,"1221 Federal St, Pittsburgh, PA 15212",40.4564205,-80.0071042,1,4.1,479
ChIJ54EGk-vzNIgRT1NSK86AsiU,Riviera Pizza & Pasta,OPERATIONAL,"1213 Spring Garden Ave, Pittsburgh, PA 15212",40.46006999999999,-79.99109399999999,2,3.7,197
ChIJjwuJs67zNIgRf-pZyHcOnq0,Pauline's Caribbean Soul Cuisine,OPERATIONAL,"1204 Federal St, Pittsburgh, PA 15212",40.4561256,-80.0065359,2,4.5,110
ChIJZapX9vjzNIgRSu7rbfVfChA,Federal Galley,OPERATIONAL,"200 Children's Way, Pittsburgh, PA 15212",40.4515068,-80.00603389999999,2,4.5,1985
ChIJezxPEXzzNIgRRVigvGgRNHQ,North Shore Tavern,OPERATIONAL,"120 Federal St, Pittsburgh, PA 15212",40.4482202,-80.0039053,,4.4,367
ChIJl6nD-7HzNIgRcECP9TxqAgI,Shaka Restaurant,OPERATIONAL,"Inside Federal Galley, 200 Children's Way, Pittsburgh, PA 15212",40.4515068,-80.00603389999999,,4.1,19
ChIJyYvQIvzzNIgRxWHi73BFA8U,Carmi Express,OPERATIONAL,"1219 Federal St, Pittsburgh, PA 15212",40.4564123,-80.0071013,,3.3,27
ChIJg79uX__zNIgRAUOF5V0JNPs,Clark Bar & Grill,OPERATIONAL,"503 Martindale St #100, Pittsburgh, PA 15212",40.4488256,-80.0087315,2,4.5,95
ChIJDQkHmlPxNIgR-RYTgv_3ExM,Buon Giorno Cafe,OPERATIONAL,"20 Stanwix St #1, Pittsburgh, PA 15222",40.4385389,-80.0050284,1,4.5,31
ChIJnU-ekU3xNIgR8qOJqcNzFuw,Hard Rock Cafe,OPERATIONAL,"230 W Station Square Dr, Pittsburgh, PA 15219",40.433973,-80.0049041,2,4.2,2049
ChIJ62Pn2n33NIgRrYZKBe7etvk,Jules Market and Sidewalk Cafe,OPERATIONAL,"230 Virginia Ave, Mt Washington, PA 15211",40.4313748,-80.0104197,,4.3,12
ChIJjcVAx03xNIgRSaYa9eOR2w4,Buca di Beppo Italian Restaurant,OPERATIONAL,"3 E Station Square Dr, Pittsburgh, PA 15219",40.4334862,-80.00437,2,3.9,1156
ChIJvfMuIwD0NIgR_OKU1NP3Exw,Bar Louie - North Shore,OPERATIONAL,"330 N Shore Dr Building 1B, Pittsburgh, PA 15212",40.4463639,-80.0106043,2,4.2,1349
ChIJ3VDw7E7xNIgRUv1mm2F058s,Joe's Crab Shack,OPERATIONAL,"226 W Station Square Dr, Pittsburgh, PA 15219",40.4338538,-80.0045614,2,4.2,1511
ChIJRQEFlf7zNIgRZxLBLf1DxmA,SoHo,OPERATIONAL,"203 Federal St, Pittsburgh, PA 15212",40.4483407,-80.00450409999999,2,4.1,674
ChIJWWjFalTxNIgRZEwdzBj_toI,Eddie Merlot's,OPERATIONAL,"444 Liberty Ave, Pittsburgh, PA 15222",40.4408817,-80.0047079,4,4.6,1014
ChIJc7hNuRj1NIgRDSy7LYfY3bI,Macs & Stacks - North Shore,OPERATIONAL,"330 N Shore Dr, Pittsburgh, PA 15212",40.4462647,-80.01063549999999,,2.2,13
ChIJp1tqyuvxNIgROzXlw3OKjeA,Mad chicken,OPERATIONAL,"535 Liberty Ave, Pittsburgh, PA 15222",40.4419899,-80.00256159999999,,4.8,53
ChIJncbtvEzxNIgRtSOWudAmLC4,Sesame Garden,OPERATIONAL,"202 Shiloh St, Pittsburgh, PA 15211",40.43059,-80.0076212,,4.1,269
ChIJ97bZIDvxNIgRldtplCLSAPI,Gordo's Tacos & Tequila,OPERATIONAL,"131 Shiloh St, Pittsburgh, PA 15211",40.4307788,-80.0072239,1,4.4,155
ChIJlSvOwErxNIgR5OhwkzwKGwk,Hot Rod Cafe,OPERATIONAL,"205 Boggs Ave, Pittsburgh, PA 15211",40.4261689,-80.0077,,4.3,26
ChIJPy82mmztNIgR7tCHRZTuVnc,Joe Cestone's Pizzeria,OPERATIONAL,"200 Virginia Ave, Pittsburgh, PA 15211",40.4307735,-80.0095985,1,4.6,329
ChIJMxT6nlPxNIgRFeNI5VxIRTk,Bluebird Kitchen,OPERATIONAL,"11 Stanwix St, Pittsburgh, PA 15222",40.4390325,-80.0061492,,3.8,43
ChIJ2UjFe03xNIgRXZtF7LtXxG4,Kiku Japanese Restaurant,OPERATIONAL,"225 W Station Square Dr, Pittsburgh, PA 15219",40.433893,-80.00552449999999,3,4.5,438
ChIJPxm6vcfxNIgRojt2mErBxbY,Tupelo Honey Southern Kitchen & Bar,OPERATIONAL,"111 W Station Square Dr, Pittsburgh, PA 15219",40.43297,-80.0039219,2,4.2,560
ChIJ4SPCK1HxNIgR1cH9Pmy4gFI,Ephesus Pizza,OPERATIONAL,"219 Fourth Ave, Pittsburgh, PA 15222",40.4399863,-80.002326,1,4.2,437
ChIJSZ0k9kXxNIgRgxF44U8rvBM,Gabriella's Gourmet,OPERATIONAL,"301 E Carson St, Pittsburgh, PA 15219",40.4297121,-79.9976101,,4.6,166
ChIJwW2TOhvxNIgRjQgQNnvtL1g,Shiloh Gastro,OPERATIONAL,"123 Shiloh St, Pittsburgh, PA 15211",40.430979,-80.0070693,2,4.4,1075
ChIJNeGZU0rxNIgRF4szdKzPtMI,La Tavola Italiana Restaurant,OPERATIONAL,"1 Boggs Ave, Pittsburgh, PA 15211",40.4269285,-80.0056573,2,4.4,362
ChIJzSivPST3NIgRi2_ge7NCRnM,Wendy's,OPERATIONAL,"2410 W Liberty Ave, Pittsburgh, PA 15226",40.4002491,-80.0241029,1,3.2,1235
ChIJXYG7tf73NIgRy-hEEhs2izg,Vinny's Pizza,OPERATIONAL,"618 Brookline Blvd Apartment 2, Pittsburgh, PA 15226",40.3952361,-80.02242380000001,2,3.2,67
ChIJM0mc_tX3NIgRt5RrS_GeFIY,The Kickstand Sandwich Shop,OPERATIONAL,"936 Brookline Blvd, Pittsburgh, PA 15226",40.3922298,-80.0181896,2,4.3,114
ChIJofC1eTD3NIgRdfPYN3H9CxI,Insomnia Discotec,OPERATIONAL,"810 Brookline Blvd, Pittsburgh, PA 15226",40.3933869,-80.0197731,,3.9,163
ChIJ372m50n3NIgRuWmkHtmdL3E,The Getaway Bar & Grill,OPERATIONAL,"3049 Sussex Ave, Pittsburgh, PA 15226",40.3844426,-80.0157832,2,4.2,327
ChIJLQOoTkr3NIgRPN9iAkXJcEM,Bellisario's Pizza Palace,OPERATIONAL,"437 McNeilly Rd, Pittsburgh, PA 15226",40.3830385,-80.0151247,1,4.5,135
ChIJKaILakTzNIgRKKajwWiwiqg,Rice King,OPERATIONAL,"2199 Babcock Blvd # 3, Pittsburgh, PA 15209",40.5104962,-79.9936379,1,4,84
ChIJc5p7phXzNIgRxCalShw7QJ8,The Flame Barbeque,OPERATIONAL,"1805 Babcock Blvd, Pittsburgh, PA 15209",40.5016306,-79.98324869999999,,2.8,24
ChIJPcu-9wbzNIgRb9WEeyA2mGU,Sidelines Bar & Grill,OPERATIONAL,"621 Evergreen Rd, Pittsburgh, PA 15209",40.4855175,-79.9723992,1,4.4,635
ChIJ75smXqnzNIgR1Vqf98Bd5vQ,Grant Bar Inc,OPERATIONAL,"114 Grant Ave, Pittsburgh, PA 15209",40.4782347,-79.96970929999999,2,4.5,591
ChIJlyvGXs_zNIgRbfMz0EaRvks,SLO Coast Taco Shop,OPERATIONAL,"205 North Ave, Millvale, PA 15209",40.481112,-79.975045,1,4.8,59
ChIJo4bCQrzzNIgR-FDOpDUWQ4Y,Mt Troy Inn,OPERATIONAL,"2021 Mt Troy Rd, Pittsburgh, PA 15212",40.4698125,-79.9823356,1,4.2,93
ChIJOT0RBhDzNIgROvwsOfa00rs,Hardee's,OPERATIONAL,"1201 North Ave, Millvale, PA 15209",40.4930816,-79.9756202,1,4.1,1326
ChIJ-6roCurzNIgRjTcSLTAsu9Y,Tammys Place,OPERATIONAL,"1354 Goettmann St, Pittsburgh, PA 15212",40.4595567,-79.9862654,1,4.5,203
ChIJ41z6CN3zNIgR_ECPHXVS9Nc,Roland's Seafood Grill,OPERATIONAL,"1904 Penn Ave, Pittsburgh, PA 15222",40.45073439999999,-79.98428899999999,2,4.3,2758
ChIJR8TLzHzzNIgReN19aeZvS6k,Coop De Ville,OPERATIONAL,"2305 Smallman St, Pittsburgh, PA 15222",40.4537454,-79.98227779999999,2,4.2,686
ChIJ1QoHqfrzNIgRXO5PEaJO_vs,China Taste Restaurant,OPERATIONAL,"630 E Ohio St, Pittsburgh, PA 15212",40.4540735,-79.99810529999999,1,4.1,261
ChIJOYR7bvrzNIgRU3s9yPaP8Pg,Bistro To Go,OPERATIONAL,"415 E Ohio St, Pittsburgh, PA 15212",40.4533117,-80.0010849,2,4.8,244
ChIJ09EneFjxNIgRypwsHoGxIE8,Condado Tacos,OPERATIONAL,"971 Liberty Ave, Pittsburgh, PA 15222",40.4437921,-79.99549449999999,1,4.5,3509
ChIJeXU5zVnxNIgR3UQGKB03IE8,Talia,OPERATIONAL,"425 Sixth Ave, Pittsburgh, PA 15219",40.4412945,-79.9968367,3,4.4,274
ChIJkzZRclbxNIgRVOheuNrywO8,Cafe Milano,OPERATIONAL,"134 6th St, Pittsburgh, PA 15222",40.44313229999999,-80.0024682,1,4.3,617
ChIJs2c8p1nxNIgR86FIs2IuGqc,Bigelow Grille Kitchen & Bar,OPERATIONAL,"1 Bigelow Sq, Pittsburgh, PA 15219",40.4405841,-79.99435749999999,2,4.1,284
ChIJQcMWoeLzNIgRHz4LnivIm98,August Henry's Burger Bar,OPERATIONAL,"946 Penn Ave, Pittsburgh, PA 15222",40.4440156,-79.99630280000001,2,4.2,709
ChIJGfCWEFfxNIgRKdud4avVJZk,The Capital Grille,OPERATIONAL,"301 Fifth Ave, Pittsburgh, PA 15222",40.4408452,-80.0000312,4,4.6,1406
ChIJrwpSeeLzNIgRbnjwmHTf43k,Bill's Bar & Burger,OPERATIONAL,"1001 Liberty Ave, Pittsburgh, PA 15222",40.4440451,-79.9942672,2,4,747
ChIJ4ws4DVbxNIgRfdiGwIuzWB4,Alihan's Mediterranean Cuisine,OPERATIONAL,"124 6th St, Pittsburgh, PA 15222",40.4432423,-80.0025689,2,4.3,688
ChIJJZ51f1bxNIgRI-T-G9szLw8,Noodles and Company,OPERATIONAL,"476 McMasters Way, Pittsburgh, PA 15222",40.4408965,-80.0017402,1,4.2,591
ChIJ-VSo4lDxNIgR5Um8EhNVwxI,Taco Town,OPERATIONAL,"110 Smithfield St, Pittsburgh, PA 15222",40.43741480000001,-80.0001472,1,4.4,414
ChIJG6g-slDxNIgR2g4PV1mDO8I,Arepittas,OPERATIONAL,"412-428 Cherry Way, Pittsburgh, PA 15219",40.4388163,-79.99852,1,4.8,472
ChIJsZZF2lbxNIgRpdJqZpHqous,Hello Bistro,OPERATIONAL,"292 Forbes Ave, Pittsburgh, PA 15222",40.4400676,-80.0010109,2,4,556
ChIJMwNf-k3xNIgRKJcrlH1YVqQ,Forbes Tavern,OPERATIONAL,"310 Forbes Ave, Pittsburgh, PA 15222",40.439784,-80.000461,,4.5,170
ChIJLRZdz1bxNIgRliKBNNMrj_E,Revel,OPERATIONAL,"Level, 242 Forbes Ave, Pittsburgh, PA 15222",40.4403315,-80.00177889999999,2,4.1,750
ChIJr_gB_1DxNIgRCr0YYUObyHE,Siam | Thai Restaurant,OPERATIONAL,"410 First Avenue, Pittsburgh, PA 15219",40.4370181,-80.0001496,1,4.5,193
ChIJq6rq5FnxNIgRP_IpsWEb7ac,Freshii,OPERATIONAL,"501 Grant St, Pittsburgh, PA 15219",40.4398026,-79.9967176,2,4.1,106
ChIJbWn2y1DxNIgR1w7n95vU5j0,Madonna's Mediterranean Cuisine,OPERATIONAL,"408 Smithfield St, Pittsburgh, PA 15219",40.4390329,-79.9992128,1,4.8,326
ChIJofJwzFbxNIgRC57bGvzRYKE,The Rebel Room,OPERATIONAL,"405 Wood St, Pittsburgh, PA 15222",40.4395984,-80.0014058,,4.3,32
ChIJbUeFn1DxNIgRNsB4lETrxQ0,Grant Street Tavern,OPERATIONAL,"310 Grant St, Pittsburgh, PA 15219",40.4376887,-79.9976353,1,4.5,55
ChIJfc_Zu1bxNIgROLsTbfhJid0,Pizzaiolo Primo,OPERATIONAL,"8 Market Square, Pittsburgh, PA 15222",40.44029159999999,-80.00214849999999,3,4.3,659
ChIJwz1LyVbxNIgRV4OR92L-fKw,Yuzu Kitchen,OPERATIONAL,"409 Wood St, Pittsburgh, PA 15222",40.4396925,-80.0012132,2,4.5,644
ChIJw-nExTjxNIgRxv_bo1Oofp4,Leon's Caribbean Food,OPERATIONAL,"823 E Warrington Ave, Pittsburgh, PA 15210",40.4219022,-79.9928169,1,4.1,434
ChIJwVp98DjxNIgRXUNgcwCduIk,Breakfast at Shelly's,OPERATIONAL,"740 E Warrington Ave, Pittsburgh, PA 15210",40.4217088,-79.99418659999999,1,4.4,298
ChIJZwS5nD3xNIgRDMaWWR5xqDY,Maietta Restaurant,OPERATIONAL,"203 Brownsville Rd, Pittsburgh, PA 15210",40.4157345,-79.9871223,1,4.1,240
ChIJUcZs5GnxNIgRDlz3mm9blf8,Kassab's Restaurant,OPERATIONAL,"1207 E Carson St, Pittsburgh, PA 15203",40.4288382,-79.9860746,1,4.6,335
ChIJe1ws7mnxNIgRO0liAjIzxa0,Doce Taqueria,OPERATIONAL,"1302 E Carson St, Pittsburgh, PA 15203",40.4286123,-79.98512360000001,1,4.6,800
ChIJK0Gg3U3xNIgR91MmvokkqIE,Grand Concourse,OPERATIONAL,"100 W Station Square Dr, Pittsburgh, PA 15219",40.4334169,-80.003885,3,4.3,1892
ChIJb2a-1drxNIgR6frl-1OAOyI,Cilantro & Ajo,OPERATIONAL,"901 E Carson St, Pittsburgh, PA 15203",40.4287749,-79.9896904,1,4.7,627
ChIJbxpRjNP2NIgRtmdSg1GSF3U,Subway,OPERATIONAL,"1347 W Liberty Ave, Pittsburgh, PA 15216",40.4109992,-80.0125656,1,3.2,81
ChIJY4oV6DjxNIgRmaNZyV7lqY8,Alla Famiglia,OPERATIONAL,"804 E Warrington Ave, Pittsburgh, PA 15210",40.42162099999999,-79.993438,4,4.7,933
ChIJr52bIdfwNIgROKgSIYc0acs,Fellini,OPERATIONAL,"Pittsburgh, PA 15210",40.4000395,-80.0001273,,0,0
ChIJVUk52SDxNIgRYxrLC7R4pIs,Number One Kitchen,OPERATIONAL,"1107 Brownsville Rd, Pittsburgh, PA 15210",40.4053238,-79.98984639999999,1,4.1,208
ChIJhxspC8bwNIgROEnnc8MsGvs,Frank & Shirley's Restaurant,OPERATIONAL,"2209 Saw Mill Run Blvd, Pittsburgh, PA 15210",40.3885739,-79.99661449999999,1,4.4,837
ChIJiRQnssLwNIgR1tRZcU51tks,Nepali Asian Restaurant & Bar,OPERATIONAL,"2122 Brownsville Rd, Pittsburgh, PA 15210",40.392436,-79.98722210000001,,4,123
ChIJuw8kxSLxNIgRJIYXVqF8qVY,Hook Fish and Chicken Mount Oliver,OPERATIONAL,"11 Ormsby Ave, Pittsburgh, PA 15210",40.4122586,-79.98832399999999,1,3.9,406
ChIJPea1RXLxNIgR8KLh_YSAPGs,Flavor of Puerto Rico,OPERATIONAL,"160 Brownsville Rd, Pittsburgh, PA 15210",40.4159448,-79.987268,1,4.4,93
ChIJJV5fr2H3NIgR-6Q-atT-RS0,Piacquadio's Italian Restaurant & Lounge,OPERATIONAL,"Lebanon Shops, 300 Mt Lebanon Blvd, Castle Shannon, PA 15234",40.3688833,-80.0347652,2,4.3,184
ChIJR5r6o77wNIgRI8AP5tdLWKc,Express Pizzeria,OPERATIONAL,"2760 Saw Mill Run Blvd, Pittsburgh, PA 15227",40.3782746,-79.9909145,1,4.3,161
ChIJXywxEFT3NIgR6f8XCLRN2Rw,Trolley Barn Eatery,OPERATIONAL,"3360 Library Rd # 4, Pittsburgh, PA 15234",40.3684273,-80.0130235,1,4.7,243
ChIJSaOh2pDxNIgRS7d7vsfN3ZI,Everest Kitchen,OPERATIONAL,"4042 Saw Mill Run Blvd, Pittsburgh, PA 15227",40.3678372,-79.9840696,,4.3,186
ChIJ1_rslmT5NIgR30HWzTto7iE,Willow Station Restaurant and Bar,OPERATIONAL,"3841 Willow Ave, Pittsburgh, PA 15234",40.365174,-80.0262261,,4.8,85
ChIJQ3pW_-H5NIgRKogaZamp0Js,Kabob-G Grill,OPERATIONAL,"3821 Willow Ave, Pittsburgh, PA 15234",40.3655217,-80.02558739999999,2,4.8,252
ChIJLX3CK1P3NIgRLCxbSNy23qg,The Coal Mine,OPERATIONAL,"3160 Library Rd, Castle Shannon, PA 15234",40.3716736,-80.0090152,1,4.2,190
ChIJC_YhYcDzNIgRVzMjLFx3HZ8,Ron's Pizza Palace,OPERATIONAL,"1535 Lowrie St STE 2, Pittsburgh, PA 15212",40.4620418,-79.9839578,1,4.6,126
ChIJJe_uOcDzNIgR8YLaMjdCm2g,Franks Pizza and Chicken,OPERATIONAL,"1442 Lowrie St, Pittsburgh, PA 15212",40.46132799999999,-79.9851319,1,4.3,205
ChIJiRi3FsPzNIgR5toi1zAe7_M,Osteria 2350,OPERATIONAL,"2350 Railroad St, Pittsburgh, PA 15222",40.4542607,-79.9826045,2,4.2,259
ChIJLRHyqyrzNIgRg1E9MSopuwM,The Hungry CowGirl Cocina,OPERATIONAL,"2945 Smallman St, Pittsburgh, PA 15201",40.4594373,-79.9741568,,4.6,29
ChIJR-ud98TzNIgREwnaG2ksz6k,DiAnoia's Eatery,OPERATIONAL,"2549 Penn Ave, Pittsburgh, PA 15222",40.4548535,-79.97871909999999,2,4.6,1497
ChIJZddMBN3zNIgRJiPR3CQJf-w,Bella Notte,OPERATIONAL,"1914 Penn Ave, Pittsburgh, PA 15222",40.450956,-79.9839617,1,4.4,1137
ChIJoViZxtzzNIgR--aU6Fhglr4,Pho Van,OPERATIONAL,"2120 Penn Ave, Pittsburgh, PA 15222",40.4519983,-79.9824908,1,4.4,723
ChIJMUZha1nzNIgRuii2YvwHVEE,Iron Born Pizza & Pasta,OPERATIONAL,"1806 Smallman St, Pittsburgh, PA 15222",40.4511426,-79.9852132,,4.6,433
ChIJubqwEWHtNIgRtWvOBB7IOkk,Edgar's Best Tacos,OPERATIONAL,"108 19th St, Pittsburgh, PA 15222",40.4508679,-79.98503099999999,1,4.7,299
ChIJE4Rn39zzNIgReCoU59ojZys,Pamela's Diner,OPERATIONAL,"60 21st St, Pittsburgh, PA 15222",40.451934,-79.9836508,1,4.6,2177
ChIJqb4XHt3zNIgRRGgpc6DL0Lo,DeLuca's Diner,OPERATIONAL,"2015 Penn Ave, Pittsburgh, PA 15222",40.451548,-79.98371999999999,1,4.5,1963
ChIJUczDttzzNIgRIVsSTlzSbOQ,Penn Avenue Fish Co,OPERATIONAL,"2208 Penn Ave, Pittsburgh, PA 15222",40.4523939,-79.9819194,2,4.5,310
ChIJ_VG7C93zNIgR7MsvZAToDto,Little Bangkok in the Strip,OPERATIONAL,"1906 Penn Ave, Pittsburgh, PA 15222",40.4507969,-79.9841987,1,4.6,383
ChIJNepsId3zNIgRQqFF2SGWTQI,Papa J's Twin Plaza,OPERATIONAL,"2016 Smallman St, Pittsburgh, PA 15222",40.4519643,-79.9840432,,4.5,55
ChIJ90_BBVbxNIgRMNH1vKBRHmc,Christos Mediterranean Grille,OPERATIONAL,"130 6th St, Pittsburgh, PA 15222",40.4432121,-80.0025138,2,4.4,400
ChIJa5piL1jxNIgRHlJLyZ0aFUY,Villa Reale | Pizzeria & Restaurant,OPERATIONAL,"628 Smithfield St, Pittsburgh, PA 15222",40.4421202,-79.9969363,1,4.2,280
ChIJYWwmlFbxNIgRyjrXVFPWaOU,Las Velas,OPERATIONAL,"21 Market Square, Pittsburgh, PA 15222",40.4409406,-80.0021086,2,4.3,1139
ChIJE59EiL_xNIgRXf3_akS30ws,Slider Vibes,OPERATIONAL,"22 Market Square, Pittsburgh, PA 15222",40.4412077,-80.0027884,,4.3,144
ChIJVV_6nJ_xNIgRSoAWAJqhnJI,La Bodega,OPERATIONAL,"1502 E Carson St, Pittsburgh, PA 15203",40.4286901,-79.9832394,1,4.2,82
ChIJkeH5HDDxNIgRIVYWkBVWnIA,Uptown Kitchen,OPERATIONAL,"1710 Forbes Ave, Pittsburgh, PA 15219",40.4373888,-79.98221579999999,2,4.2,172
ChIJq3phq17xNIgRucm5U8KKeBw,Pizza Bosa,OPERATIONAL,"741 Fifth Ave, Pittsburgh, PA 15219",40.4389749,-79.9920003,2,4.2,208
ChIJKbZvAhzxNIgRTYPC3TADwBE,Soul & Sea,OPERATIONAL,"1728 E Carson St, Pittsburgh, PA 15203",40.4286711,-79.98104409999999,,3.4,96
ChIJgzGA2snzNIgR59oa3k5YAL4,Sultry F&B,OPERATIONAL,"1721 E Carson St, Pittsburgh, PA 15203",40.428949,-79.98111999999999,,4.7,38
ChIJGd8THP3xNIgRjVDaUr8_mzs,The Meatball Company,OPERATIONAL,"1220 E Carson St, Pittsburgh, PA 15203",40.4286817,-79.9856181,1,4.4,34
ChIJu8_ZdWnxNIgR8N1ozNLZCRY,Mike & Tony's Gyros,OPERATIONAL,"1414 E Carson St, Pittsburgh, PA 15203",40.4286542,-79.98358019999999,1,4.5,1196
ChIJ-Qv-FjPxNIgRtnYGlH8BN7o,Bird on the Run South Side,OPERATIONAL,"1733 E Carson St, Pittsburgh, PA 15203",40.4290141,-79.98092799999999,1,4,91
ChIJ0f005GnxNIgR97iNHfJPwho,The Urban Tap,OPERATIONAL,"1209 E Carson St, Pittsburgh, PA 15203",40.4288414,-79.98593819999999,2,4.4,808
ChIJKXoXk2nxNIgRGa8v_798ORA,The Smiling Moose,OPERATIONAL,"1306 E Carson St, Pittsburgh, PA 15203",40.4287058,-79.9849699,1,4.5,738
ChIJZfTzP2nxNIgRuAaYOtWmtWc,Nakama,OPERATIONAL,"1611 E Carson St, Pittsburgh, PA 15203",40.4290274,-79.9821059,2,4.1,1115
ChIJdZjQx27xNIgROx5Oy5ORrK0,Fat Head's Saloon,OPERATIONAL,"1805 E Carson St, Pittsburgh, PA 15203",40.4289667,-79.9801756,2,4.5,2654
ChIJB6QELSHxNIgRFWoBt8KHtiI,Amili's Pizzeria,OPERATIONAL,"1021 Brownsville Rd, Pittsburgh, PA 15210",40.4063167,-79.9917833,,3.8,169
ChIJ0X4ypCPxNIgRvG-xF6hvunY,Vocelli Pizza,OPERATIONAL,"617 Brownsville Rd, Mount Oliver, PA 15210",40.4102795,-79.9901114,1,3.8,223
ChIJFS5dgnbxNIgRsl0CMLInqOI,Nadine's Restaurant,OPERATIONAL,"19 S 27th St, Pittsburgh, PA 15203",40.4264116,-79.9673219,1,4.6,723
ChIJX9isi27xNIgRWY6b4OmCnQY,Hello Bistro,OPERATIONAL,"1922 E Carson St, Pittsburgh, PA 15203",40.42850990000001,-79.9782178,1,4.3,466
ChIJvXzHpsLwNIgR2sPrq8hj4bs,Wing Street,OPERATIONAL,"2158 Brownsville Rd, Pittsburgh, PA 15210",40.39207469999999,-79.98712069999999,2,2.3,3
ChIJczlgxCDxNIgRGWhgh5XDnAE,KFC,OPERATIONAL,"1100 Brownsville Rd, Pittsburgh, PA 15210",40.4049475,-79.9908887,1,3.5,557
ChIJPX3HpsLwNIgR7_u605fuHUY,Hunan Wok,OPERATIONAL,"2158 Brownsville Rd, Pittsburgh, PA 15210",40.3915396,-79.9871227,,4,99
ChIJ4aw8mCPxNIgRc6Gb9jfvg_4,McDonald's,OPERATIONAL,"630 Brownsville Rd, Pittsburgh, PA 15210",40.4099488,-79.99098169999999,1,3,1875
ChIJU4NaBu3wNIgRN6bSnqRcqV4,Italian Village Pizza Brentwood,OPERATIONAL,"2713 Brownsville Rd, Pittsburgh, PA 15227",40.3841407,-79.977414,1,3.6,276
ChIJXVh0nfbwNIgRl86uf04Ukhs,Backdraft Bar and Grill,OPERATIONAL,"3049 Churchview Ave, Pittsburgh, PA 15227",40.3861111,-79.9677778,1,4.3,397
ChIJ2U_hO-3wNIgRkJ7de0Oawu4,Burger King,OPERATIONAL,"2900 Brownsville Rd, Pittsburgh, PA 15227",40.3823588,-79.9769697,1,3.9,1114
ChIJw5CZE-3wNIgRyGK2wuMFEsg,Pizza Di Roma,OPERATIONAL,"2809 Brownsville Rd, Pittsburgh, PA 15227",40.383396,-79.9769036,1,3.8,113
ChIJR4Fv4_rwNIgRrU1Lzh9q9vM,Sunseri Pizza,OPERATIONAL,"2805 Custer Ave, Pittsburgh, PA 15227",40.3936125,-79.97348819999999,1,4.4,241
ChIJ08-n_JbwNIgRfOLJHoJAXQU,Portofino's,OPERATIONAL,"3307 Saw Mill Run Blvd, Pittsburgh, PA 15227",40.3751928,-79.982747,1,3.7,222
ChIJPdv8abnwNIgRa5VzInjhU88,Dairy Queen Grill & Chill,OPERATIONAL,"2795 Saw Mill Run Blvd, Pittsburgh, PA 15227",40.3786482,-79.9899765,1,4.1,507
ChIJa-nHlpnwNIgRaoMuISwKpBs,Rowdy BBQ,OPERATIONAL,"3900 Saw Mill Run Blvd, Brentwood, PA 15227",40.3701574,-79.982762,1,4.4,641
ChIJhZGXnHHxNIgRlFuLI8r8n60,NAMASTE MOMO CORNER,OPERATIONAL,"4114 Saw Mill Run Blvd suit B, Pittsburgh, PA 15227",40.367,-79.9844617,1,4.5,315
ChIJHdnxR0HxNIgRkyMSPxcD60I,La Bella Pizza and Gyro,OPERATIONAL,"3906 Saw Mill Run Blvd, Pittsburgh, PA 15227",40.36984899999999,-79.983068,1,4.5,143
ChIJ5UoaTrPzNIgR67C6D3W0d-M,Piccolo Forno,OPERATIONAL,"3801 Butler St, Pittsburgh, PA 15201",40.4669974,-79.9643497,2,4.5,807
ChIJNdRSlcjzNIgRKztXRZ8R3os,Salem Market & Grill,OPERATIONAL,"2923 Penn Ave, Pittsburgh, PA 15201",40.458526,-79.9737258,1,4.6,3744
ChIJ_83TCKnzNIgRLYasLp7swIc,Nova Cafe Millvale,OPERATIONAL,"224 Grant Ave, Pittsburgh, PA 15209",40.4792789,-79.97171039999999,1,4.6,89
ChIJGyHKJrP3NIgRsdwacPEvZDg,Pita My Shawarma,OPERATIONAL,"3716 Butler St, Pittsburgh, PA 15201",40.4665402,-79.9642415,2,4.5,262
ChIJ0TkalrTzNIgR3WQ1VOvp8Jg,Burgh'ers Brewing Lawrenceville,OPERATIONAL,"3601 Butler St, Pittsburgh, PA 15201",40.4655272,-79.9655018,2,4.3,527
ChIJs4HYnE_zNIgRoYZtaOT_RTM,Pizzeria Davide,OPERATIONAL,"2551 Penn Ave Rear, Pittsburgh, PA 15222",40.4550259,-79.97885029999999,,4.2,202
ChIJOZR61MDzNIgRsoLC_sqy2Os,Pane è Pronto,OPERATIONAL,"2627 Penn Ave, Pittsburgh, PA 15222",40.4555361,-79.9779523,,4.8,42
ChIJ32HHK-7zNIgR2F3P1Ze_Veo,El Layali Cafe & Restaurant,OPERATIONAL,"2533 Penn Ave, Pittsburgh, PA 15222",40.45465189999999,-79.9792312,,4.7,228
ChIJF93Zb9HzNIgRaXsPqpc12X4,Grandma B's,OPERATIONAL,"2537 Wylie Ave, Pittsburgh, PA 15219",40.4486952,-79.970542,1,4.7,431
ChIJnUZLROfzNIgRQV-liGcW3U4,Maiku Vietnamese Pho,OPERATIONAL,"1611 Penn Ave, Pittsburgh, PA 15222",40.4490481,-79.98734019999999,1,4.8,390
ChIJt95YkHPxNIgRxayX-1nNn5I,Al's Fish & Chicken,OPERATIONAL,"1860 Centre Ave, Pittsburgh, PA 15219",40.4426204,-79.9810598,,4.3,99
ChIJHxjv8F7xNIgRhDVc5_DVaDQ,Nakama,OPERATIONAL,"1001 Fifth Ave, Pittsburgh, PA 15219",40.4401647,-79.9896646,,4.5,11
ChIJdcG-um_xNIgRfiBDvgcv6Og,Chan An Restaurant,OPERATIONAL,"2013 Wharton St, Pittsburgh, PA 15203",40.431507,-79.977122,1,3.9,106
ChIJ10MJKg33NIgRr3hoZDWnQMI,Secretos,OPERATIONAL,"1334 Fifth Ave, Pittsburgh, PA 15219",40.4385382,-79.9869775,,4.8,255
ChIJg1Gg6P_xNIgRRNlkdMt6ZPY,China Wok,OPERATIONAL,"1202 Fifth Ave, Pittsburgh, PA 15219",40.43847470000001,-79.9887883,,4,199
ChIJ6TMXpl7xNIgR4-vh9b4eCeg,Souper Bowl,OPERATIONAL,"910 Fifth Ave, Pittsburgh, PA 15219",40.4387199,-79.9912827,1,4.4,349
ChIJLQtjK7PxNIgR5YlDhRrYYo8,Moonlit Burgers Uptown,OPERATIONAL,"1023 Forbes Ave, Pittsburgh, PA 15219",40.438116,-79.990262,,4.7,35
ChIJd14Rc17xNIgRMq985izx13w,Pizza Milano,OPERATIONAL,"1304 Fifth Ave, Pittsburgh, PA 15219",40.4385863,-79.9879641,1,4.1,912
ChIJ9zVB7l7xNIgRyZZ_5mAAbjU,Burgatory,OPERATIONAL,"1001 Fifth Ave, Pittsburgh, PA 15219",40.440077,-79.990006,,4.1,242
ChIJTZLQxGDxNIgRHeH4OnpKHTQ,Pizza Care,OPERATIONAL,"1525 Fifth Ave, Pittsburgh, PA 15219",40.4386944,-79.9843476,2,4.1,375
ChIJA6GHZ8LzNIgRlmHwal0mXe4,Soluna PGH - Coffee & Mezcal Bar,OPERATIONAL,"1601 Penn Ave, Pittsburgh, PA 15222",40.4490083,-79.987438,1,4.6,142
ChIJOzazI1zxNIgRiZ9pk0xBUKk,Freshëns,OPERATIONAL,"1015 Forbes Ave, Pittsburgh, PA 15219",40.43802100000001,-79.9904249,,3.5,15
ChIJ9-mKyGDxNIgRGih_46RNh0c,The Original Giovanni's Pizza,OPERATIONAL,"1504 Fifth Ave, Pittsburgh, PA 15219",40.4383872,-79.9848196,1,4.2,316
ChIJP1gKhd3zNIgRnPIt3JMP6Q4,Andy's Sushi Bar,OPERATIONAL,"1711 Penn Ave, Pittsburgh, PA 15222",40.4499416,-79.98588869999999,,4.8,183
ChIJcRE8sXbxNIgRCl1ddzPyiMA,Cucina Vitale,OPERATIONAL,"2516 E Carson St, Pittsburgh, PA 15203",40.4275109,-79.9690883,2,4.8,294
ChIJD5Ibv3bxNIgRgC3PVYseHn8,Emiliano's Mexican Restaurant & Bar (South Side),OPERATIONAL,"2557 E Carson St, Pittsburgh, PA 15203",40.427718,-79.9685811,2,4.4,1424
ChIJXfIN9m7xNIgRyqsVaf_yOWQ,Thai Me Up,OPERATIONAL,"118 S 23rd St, Pittsburgh, PA 15203",40.42709019999999,-79.9732915,2,4.5,693
ChIJW_6TiQT0NIgRg7tUbgG1dKM,Carmi Soul Food Restaurant,OPERATIONAL,"1825 E Carson St, Pittsburgh, PA 15203",40.4288236,-79.97948679999999,1,4.2,1411
ChIJWajYRm7xNIgRYWzHvQBIa_k,The Colombian Spot,OPERATIONAL,"2019 E Carson St, Pittsburgh, PA 15203",40.4286778,-79.9768077,2,4.5,725
ChIJFUVyIG7xNIgR5d5VLBb0k4s,Little Tokyo Bistro,OPERATIONAL,"2122 E Carson St, Pittsburgh, PA 15203",40.428321,-79.9753346,2,4.4,315
ChIJGdtGwnHxNIgRvQ0uCvJ1mdg,Double Wide Grill,OPERATIONAL,"2339 E Carson St, Pittsburgh, PA 15203",40.428513,-79.971327,2,4.1,2395
ChIJyxPbaCPpNIgR6KLDgF5MuNk,Back To The Foodture,OPERATIONAL,"2767 E Carson St, Pittsburgh, PA 15203",40.4265748,-79.96581479999999,,4.5,154
ChIJv90jIHTxNIgRSnlTE4DPXT8,Michael's Pizza Bar,OPERATIONAL,"2612 Sarah St, Pittsburgh, PA 15203",40.4262481,-79.9681952,1,4.6,410
ChIJUQEBv6fxNIgRkXZoyTMAHME,Coaster's Pizza & Subs LLC,OPERATIONAL,"1914 Brownsville Rd, Pittsburgh, PA 15210",40.3955651,-79.9872154,,4.8,5
ChIJ55ZDhCDxNIgR_psxm9MMqZw,Old Headz,OPERATIONAL,"1532 Brownsville Rd, Pittsburgh, PA 15210",40.3999101,-79.98933439999999,,4.2,112
ChIJTc6j5X7xNIgRGQFWTKVD5Zc,Wang's Kitchen,OPERATIONAL,"3625 Brownsville Rd, Pittsburgh, PA 15227",40.3731788,-79.9751994,,4,38
ChIJVV4HnqLxNIgRxbPYfPin_Wo,Mi Empanada,OPERATIONAL,"4034 Butler St, Pittsburgh, PA 15201",40.4693291,-79.9612259,1,4.5,147
ChIJV79ZZlHyNIgRA3nFHpLybEU,Barb's Corner Kitchen,OPERATIONAL,"4711 Butler St, Pittsburgh, PA 15201",40.47450509999999,-79.95791779999999,1,4.2,503
ChIJv6siiU3yNIgRY1K4PUwSTvY,Industry Public House,OPERATIONAL,"4305 Butler St, Pittsburgh, PA 15201",40.470922,-79.960374,2,4.1,1145
ChIJ9b8gGVLyNIgRZyoRQ5by93c,Banh Mi & Ti,OPERATIONAL,"4502 Butler St, Pittsburgh, PA 15201",40.47218669999999,-79.9590594,1,4.8,575
ChIJR1p9kFbyNIgRDZ210Bg9nvk,Stinky's Bar & Grill,OPERATIONAL,"4901 Hatfield St, Pittsburgh, PA 15201",40.4776656,-79.9577135,1,4.5,627
ChIJb026fVHyNIgRp717s78G9n0,The Abbey on Butler Street,OPERATIONAL,"4635 Butler St, Pittsburgh, PA 15201",40.4738128,-79.9584034,2,4.3,1873
ChIJE8F5jc3zNIgRv9cjRb4OUzA,Nanban,OPERATIONAL,"4407 Butler St, Pittsburgh, PA 15201",40.4717953,-79.9598164,1,4.3,303
ChIJqxndwrHzNIgRUt455T2q_bE,Walter's BBQ Southern Kitchen,OPERATIONAL,"4501 Butler St, Pittsburgh, PA 15201",40.4725474,-79.9594041,2,4.1,1239
ChIJm-4CqZzzNIgR7EX7MH7PMTg,The Nook,OPERATIONAL,"3811 Butler St, Pittsburgh, PA 15201",40.4672205,-79.9641709,2,4.5,104
ChIJu8lO6bTzNIgRTk57p9qMxLQ,Frankie's Extra Long,OPERATIONAL,"3535 Butler St, Pittsburgh, PA 15201",40.4649426,-79.9657922,1,4.6,497
ChIJi32qHBHyNIgRxPtrUFhiLBc,William Penn Tavern,OPERATIONAL,"3810 Butler St, Pittsburgh, PA 15201",40.4669023,-79.9639902,1,4.4,525
ChIJv3LUorTzNIgRvwY5DAgTA1s,Driftwood Oven,OPERATIONAL,"3615 Butler St, Pittsburgh, PA 15201",40.4658687,-79.9651207,2,4.7,623
ChIJ9w2zjBDzNIgRW-TDzTHGVVg,Thai Table & Kitchen,OPERATIONAL,"472 44th St, Pittsburgh, PA 15201",40.4665424,-79.95390499999999,,4.8,101
ChIJ_QYsGFLyNIgRZy6AxOT0gq8,V3 Flatbread Pizza,OPERATIONAL,"4500 Butler St, Pittsburgh, PA 15201",40.4721047,-79.95905309999999,1,4.5,407
ChIJfdbjNknyNIgRfLIY5-dxlQQ,Fazio's Pizza,OPERATIONAL,"4028 Penn Ave, Pittsburgh, PA 15224",40.46527080000001,-79.95683509999999,1,4.6,346
ChIJYWX4vDrzNIgRZHYf7f0e8w0,El Sabor,OPERATIONAL,"4100 Penn Ave, Pittsburgh, PA 15224",40.4656007,-79.9548654,2,4.6,282
ChIJiwd0_inyNIgRNEnkdvQOwvw,Hello Bistro,OPERATIONAL,"3605 Forbes Ave, Pittsburgh, PA 15213",40.4409867,-79.9583561,1,4,636
ChIJw-xxVofxNIgRPoR9kR0qQaU,Piada Italian Street Food,OPERATIONAL,"3600 Forbes Ave, Pittsburgh, PA 15213",40.4405492,-79.9580649,1,4.3,1306
ChIJP6hIlSnyNIgRRIKYd7itnC0,Chick-n Grille,OPERATIONAL,"121 Oakland Ave, Pittsburgh, PA 15213",40.4418341,-79.9571668,1,4.3,151
ChIJA16Qmy3zNIgR0tie1DsJWr8,Jolina's 2,OPERATIONAL,"3524 Fifth Ave, Pittsburgh, PA 15213",40.4411347,-79.959144,1,4.9,21
ChIJuY1kwinyNIgRXavpCzppwNk,Stack'd Oakland,OPERATIONAL,"3716 Forbes Ave, Pittsburgh, PA 15213",40.4413718,-79.9569119,2,4.3,1359
ChIJ3Ta93CnyNIgR76BIIq9wi00,Fuel and Fuddle,OPERATIONAL,"212 Oakland Ave, Pittsburgh, PA 15213",40.4411763,-79.9566656,2,4.4,1619
ChIJNVEpiefzNIgRTduxmt_kOCo,CHiKN,OPERATIONAL,"3712 Forbes Ave, Pittsburgh, PA 15213",40.4413308,-79.9571158,2,4.4,819
ChIJi06JU9PzNIgRWcHN_LT8uAE,Moe's Southwest Grill,OPERATIONAL,"3616 Fifth Ave, Pittsburgh, PA 15213",40.441514,-79.958399,1,4.5,67
ChIJ29KOwCnyNIgRmEDv65sc9hA,Noodles and Company,OPERATIONAL,"3805 Forbes Ave, Pittsburgh, PA 15213",40.4418195,-79.9568582,1,4.1,527
ChIJAcDfbGvzNIgRyx-DeVLDdY8,Roots Natural Kitchen,OPERATIONAL,"3610 Forbes Ave, Pittsburgh, PA 15213",40.44076769999999,-79.9578317,1,4.7,411
ChIJ-0vjBabzNIgRzOvXp_ZUqoU,Viva Los Tacos,OPERATIONAL,"3901 Forbes Ave, Pittsburgh, PA 15213",40.4420686,-79.9564865,,3.6,147
ChIJHf2pVZTxNIgR4QKTat1XtxI,The Colombian Spot,OPERATIONAL,"3533 Forbes Ave, Pittsburgh, PA 15203",40.4405895,-79.9585243,,4.6,69
ChIJCwnMDlPzNIgRRHEeV5sDmA4,Baby Loves Tacos Thunderdome,OPERATIONAL,"116 Meyran Ave, Pittsburgh, PA 15213",40.4407672,-79.9587973,,4.9,21
ChIJn-bH7inyNIgRFEdw1AiECjY,Forbes Gyro,OPERATIONAL,"3715 Forbes Ave, Pittsburgh, PA 15213",40.4414183,-79.9573625,1,4.1,586
ChIJmyZSvCnyNIgRudsdwbZLMDw,Five Guys,OPERATIONAL,"117 S Bouquet St, Pittsburgh, PA 15213",40.442255,-79.956713,2,4.3,1119
ChIJ2Zb2y9DzNIgR8Qov4CfwUPg,Halal Pitt,OPERATIONAL,"Fifth Ave &, S Bouquet St, Pittsburgh, PA 15213",40.44250630000001,-79.95764849999999,,4.3,60
ChIJb4-q6inyNIgR-w9Vd5a_dpg,Szechuan Express,OPERATIONAL,"125 Oakland Ave, Pittsburgh, PA 15213",40.4417953,-79.95708479999999,1,4.3,459
ChIJLSVQY4fxNIgRMAPUHHWIggE,Hunan Bar,OPERATIONAL,"239 Atwood St, Pittsburgh, PA 15213",40.4402504,-79.956369,2,4.3,427
ChIJqSCdRijzNIgRVC0pUVzkL3Q,Gyro Guys,OPERATIONAL,"3811 O'Hara St, Pittsburgh, PA 15213",40.4439509,-79.9602689,,5,4
ChIJE8r9NXbxNIgR2_MNy57jGM4,The Cheesecake Factory,OPERATIONAL,"415 S 27th St, Pittsburgh, PA 15203",40.4284111,-79.9653483,2,4.3,2796
ChIJizwqlW7xNIgRYil6lwmWaow,Primanti Bros. Restaurant and Bar South Side,OPERATIONAL,"1832 E Carson St, Pittsburgh, PA 15203",40.4284252,-79.9792846,1,4.3,1121
ChIJGWNH4HHxNIgRYt3EYmLzA-c,Dancing Crab Thai Noodle House,OPERATIONAL,"2126 E Carson St, Pittsburgh, PA 15203",40.4283134,-79.9751508,2,4.4,346
ChIJywg6QG7xNIgRIBl4ypC_GHA,Lins Asian Fusion,OPERATIONAL,"2018 E Carson St, Pittsburgh, PA 15203",40.4283957,-79.9768174,1,4.4,458
ChIJU9n6WoDxNIgRBw0y9nj-lbI,Sciulli's Pizza,OPERATIONAL,"3404 Fifth Ave, Pittsburgh, PA 15213",40.4391782,-79.9618382,1,4.7,230
ChIJczcZdHbxNIgR851UGvycI3I,QDOBA Mexican Eats,OPERATIONAL,"2777 E Carson St, Pittsburgh, PA 15203",40.4264552,-79.9656897,1,3.9,529
ChIJ__9zECL0NIgRqH1N19NUVAk,SmokinGhostsBBQ,OPERATIONAL,"445 S 27th St, Pittsburgh, PA 15203",40.4278902,-79.9659422,2,4.6,14
ChIJv5mJO3TxNIgR2-U7O-0raig,Cupka Cafe,OPERATIONAL,"48 S 27th St, Pittsburgh, PA 15203",40.4255056,-79.9679895,1,4.5,40
ChIJi-9pQW7xNIgRChu2hMipzaA,Mad Noodles,OPERATIONAL,"2017 E Carson St, Pittsburgh, PA 15203",40.4287442,-79.9768972,2,4.1,341
ChIJP7eXjKXxNIgR2mpwikchvlk,Bad Azz Bbq,OPERATIONAL,"992 Becks Run Rd, Pittsburgh, PA 15210",40.4107408,-79.95742299999999,,3.6,68
ChIJL3ujxP3zNIgR9aqygXcUHAY,Condado Tacos,OPERATIONAL,"4300 Butler St, Pittsburgh, PA 15201",40.4706352,-79.9601584,1,4.5,1494
ChIJk8LxzX_zNIgROyn2KZl4J24,Zen Asian Diner,OPERATIONAL,"5100 Butler St, Pittsburgh, PA 15201",40.4783482,-79.9554342,2,4,48
ChIJYYWWt3HzNIgRdbh0dC_GfCA,Oishii Donburi,OPERATIONAL,"5227 Butler St, Pittsburgh, PA 15201",40.4811116,-79.95425759999999,2,4.8,168
ChIJAeVyyVfyNIgRJl5qfH2SbDs,Dive Bar & Grille,OPERATIONAL,"5147 Butler St, Pittsburgh, PA 15201",40.4796697,-79.955047,2,4.5,760
ChIJ9y_Onk3yNIgRg1Zzijr0ge4,Geppetto Cafe,OPERATIONAL,"4121 Butler St, Pittsburgh, PA 15201",40.4700691,-79.9608646,2,4.7,887
ChIJoacKHk3yNIgRuTyIvX6tIHY,Wendy's,OPERATIONAL,"4001 Butler St, Pittsburgh, PA 15201",40.469128,-79.96232359999999,1,3,1674
ChIJ9RuVqkfyNIgRkMqRFmij0AE,Lot 17,OPERATIONAL,"4617 Liberty Ave, Pittsburgh, PA 15224",40.4624616,-79.9502755,2,4.5,655
ChIJaZJLQEfyNIgRjqYnaTYeoN0,STATION,OPERATIONAL,"4744 Liberty Ave, Pittsburgh, PA 15224",40.4611434,-79.94852259999999,2,4.3,394
ChIJ157INUbyNIgRIdYcEKwlsxk,Thai Gourmet,OPERATIONAL,"4505 Liberty Ave, Pittsburgh, PA 15224",40.463207,-79.95149800000002,1,4.7,428
ChIJFWbwNU_yNIgRFCEuSZi60Es,Caffé Mona La Bistro,OPERATIONAL,"4200 Penn Ave, Pittsburgh, PA 15224",40.4657093,-79.9542931,2,4.5,794
ChIJzSCE0kPyNIgRBzJJwOyniQE,Pho Minh,OPERATIONAL,"4917 Penn Ave, Pittsburgh, PA 15224",40.4653036,-79.9445406,1,4.4,276
ChIJzV7wK0nyNIgRgtFZ1GerHV0,Tram's Kitchen,OPERATIONAL,"4050 Penn Ave, Pittsburgh, PA 15224",40.4653771,-79.95595229999999,1,4.6,519
ChIJ4at4NE_yNIgRDPjJG9F_BQQ,Los Cabos Mexican Restaurant,OPERATIONAL,"4110 Penn Ave, Pittsburgh, PA 15224",40.465667,-79.95455,1,4.3,386
ChIJA0IuNUbyNIgRuikoLdVougk,Baby Loves Tacos,OPERATIONAL,"4508 Liberty Ave, Pittsburgh, PA 15224",40.4628095,-79.95158440000002,1,4.7,404
ChIJacdcMk_yNIgRdHtaOoDoiSk,Graziano's Pizzeria,OPERATIONAL,"4109 Penn Ave, Pittsburgh, PA 15224",40.465884,-79.9548725,1,4.3,235
ChIJDf-mDDbzNIgRYxlIXsGv76c,Everyday's A Sunday & Cafe,OPERATIONAL,"4919 Penn Ave, Pittsburgh, PA 15224",40.4652952,-79.9444814,,4.1,121
ChIJzwS4zTryNIgRGmSRESQtGHo,Butterjoint,OPERATIONAL,"208 N Craig St, Pittsburgh, PA 15213",40.4501541,-79.95077669999999,3,4.5,410
ChIJ_06ucs7zNIgRoAhVQhjtRk8,Emiliano's Mexican Restaurant and Bar (North Oakland),OPERATIONAL,"4815 Centre Ave STE 101, Pittsburgh, PA 15213",40.4536526,-79.947259,2,4.7,588
ChIJxW7K-jryNIgRnoy_fq22O7U,Turkish Grille,OPERATIONAL,"272 Melwood Ave, Pittsburgh, PA 15213",40.452104,-79.950616,1,4.5,530
ChIJD8Ov2h_zNIgRcC-PyQkIVys,Rumi Grill House,OPERATIONAL,"301 N Craig St, Pittsburgh, PA 15213",40.451923,-79.952266,2,4.4,223
ChIJ9d9pts7zNIgRT8U7X54jHzw,Pad Thai Noodle,OPERATIONAL,"256 N Craig St, Pittsburgh, PA 15213",40.4512524,-79.9514683,,4.7,289
ChIJ68CEWyjzNIgR-x4agZBK-9g,K&T's Fish & Chicken,OPERATIONAL,"4521 Centre Ave, Pittsburgh, PA 15213",40.4518447,-79.9524917,2,4.2,52
ChIJvclwjTryNIgRWg9iEnHdW9w,Pizza Pronto Oakland,OPERATIONAL,"4611 Centre Ave, Pittsburgh, PA 15213",40.4521172,-79.9516204,1,3.9,193
ChIJXVu_qDvyNIgRXfFlNXIhA7A,Salim's Middle Eastern Food,OPERATIONAL,"4705 Centre Ave, Pittsburgh, PA 15213",40.4527553,-79.9494613,,4.5,239
ChIJjx4DoCbyNIgRa4xgF5MtWX8,Union Grill Oakland,OPERATIONAL,"413 S Craig St, Pittsburgh, PA 15213",40.444802,-79.94851799999999,2,4.4,1312
ChIJbZevISTyNIgRmAk5MgJN5NY,Ali Baba Restaurant,OPERATIONAL,"404 S Craig St, Pittsburgh, PA 15213",40.4450801,-79.9488817,1,4.4,439
ChIJB8suhyjyNIgROsd4vPcFiDU,The Porch at Schenley,OPERATIONAL,"221 Schenley Drive, Pittsburgh, PA 15213",40.4427046,-79.95306360000001,2,4.2,1273
ChIJhSAtHyTyNIgRDUVWLHZNrmQ,Lucca Ristorante,OPERATIONAL,"317 S Craig St, Pittsburgh, PA 15213",40.44518559999999,-79.9485988,2,4.2,651
ChIJjXscMC_yNIgRXcUITF3MvRs,Bridges | Restaurant & Lounge,OPERATIONAL,"100 Lytton Ave, Pittsburgh, PA 15213",40.446073,-79.9546371,,3.6,39
ChIJ784vwP7zNIgRbVdQMYJd8MA,Spirits & Tales,OPERATIONAL,"5130 Bigelow Blvd, Pittsburgh, PA 15213",40.4449359,-79.9550611,,3.9,135
ChIJH8xSoIfxNIgRtnPuXCx47ng,Bengal Kabab House & Restaurant,OPERATIONAL,"320 Atwood St, Pittsburgh, PA 15213",40.43910959999999,-79.9553842,1,4.4,417
ChIJ_x6m61fxNIgROMgm77qPmLA,Ocha Thai Noodle Restaurant,OPERATIONAL,"422 Semple St, Pittsburgh, PA 15213",40.4365392,-79.9544141,2,4.5,147
ChIJw7kWe4fxNIgRNi3MzDaZuAI,Antoon's Pizza,OPERATIONAL,"247 Atwood St, Pittsburgh, PA 15213",40.440064,-79.95621059999999,1,4.3,212
ChIJHQBwlonxNIgRTOQNz6y-EQ8,Café Phipps,OPERATIONAL,"Phipps Conservatory and Botanical Gardens: Café Phipps, 1 Schenley Drive, Pittsburgh, PA 15213",40.43916730000001,-79.94751029999999,,3.4,29
ChIJtTeWBpHxNIgRj46Y9IzyXKA,Big Jim's in the Run,OPERATIONAL,"201 Saline St, Pittsburgh, PA 15207",40.4270551,-79.9496022,1,4.6,1443
ChIJm1K7dBzxNIgRFN9OZA3iux4,Centenario Mexican Grille,OPERATIONAL,"424 Semple St, Pittsburgh, PA 15213",40.4364764,-79.9544063,,4.5,113
ChIJNdDUQ4bxNIgR2pI0nwllfhA,Korea Garden Restaurant,OPERATIONAL,"414 Semple St, Pittsburgh, PA 15213",40.4367018,-79.9546173,2,4.1,278
ChIJ3W48jHXxNIgRzYewBlf_lCA,Birmingham Bridge Tavern,OPERATIONAL,"2901 Sarah St, Pittsburgh, PA 15203",40.4245829,-79.9645537,1,4.6,557
ChIJuVxT6YjxNIgRb0c0GvhIJmU,Capezzuto's Pizza,OPERATIONAL,"422 Greenfield Ave, Pittsburgh, PA 15207",40.4252406,-79.9429526,,4.6,65
ChIJveO2t3bxNIgRR0FnNBRehMo,Wings Over Pittsburgh,OPERATIONAL,"2525 E Carson St, Pittsburgh, PA 15203",40.4278427,-79.9690999,2,4,479
ChIJ9dZ5RtHxNIgRXQx0R-kiUow,negril curbside,OPERATIONAL,"5282 Second Avenue, Pittsburgh, PA 15207",40.4039349,-79.9426385,,4.2,16
ChIJd6RZuLfxNIgRHJT0cLCd33E,Italian Village Pizza,OPERATIONAL,"5037 Second Avenue, Pittsburgh, PA 15207",40.4072693,-79.9430498,1,3.3,119
ChIJ9Z-2LCbuNIgR6TMWSLvlrt8,Burgatory,OPERATIONAL,"299 West Bridge St, Homestead, PA 15120",40.4073583,-79.9178754,2,4.4,2554
ChIJk_L8JfTwNIgR_4SnYZdk5Os,The Pizza Company,OPERATIONAL,"3050 Churchview Ave, Pittsburgh, PA 15227",40.3856602,-79.9676803,1,4.2,70
ChIJzWytUezwNIgRofWfXWmeGHs,Sam's Sun Sandwich,OPERATIONAL,"2616 Brownsville Rd, Pittsburgh, PA 15227",40.3850179,-79.9783764,,4.7,53
ChIJb_60IhzxNIgRpzpx_fq2ydg,Big Guys Pizza,OPERATIONAL,"3600 Brownsville Rd, Pittsburgh, PA 15227",40.374031,-79.97568509999999,2,4.1,128
ChIJoSn9hevyNIgRBYpehK-Fhc0,E Town Bar & Grill,OPERATIONAL,"304 Butler St, Pittsburgh, PA 15223",40.4953862,-79.9452128,1,4.6,455
ChIJx7uIQJfyNIgR2H_ZeotSwMs,Krazy Karen's,OPERATIONAL,"1000 N Canal St, Pittsburgh, PA 15215",40.4947471,-79.9324749,1,4.3,108
ChIJMah88J7yNIgR6jk7t77zufs,Gino Bros Pizza Bar,OPERATIONAL,"713 Main St, Sharpsburg, PA 15215",40.4944651,-79.9347533,1,4.2,389
ChIJ8e_CBY_zNIgRNXkx03Ejrn0,Rear End Gastropub & Garage,OPERATIONAL,"399 Butler St, Pittsburgh, PA 15223",40.4976104,-79.9441076,2,4.3,243
ChIJeZjZAuvyNIgRrlF_zW7ITyA,Cop Out Pierogies,OPERATIONAL,"350 Butler St, Pittsburgh, PA 15223",40.4962836,-79.94413720000001,1,4.7,241
ChIJ66UGuxPzNIgR6PU7Pa3uDPs,Hong Kong Taste,OPERATIONAL,"366 Butler St, Etna, PA 15223",40.4967683,-79.9437313,1,3.4,41
ChIJjxs73dfzNIgRJKu3w6JJw-M,LeVia Trattoria,OPERATIONAL,"5336 Butler St, Pittsburgh, PA 15201",40.4827053,-79.9511476,,4.9,68
ChIJodTnuMPyNIgROgzvVEdN-0c,Alioto's Restaurant & Sports Bar,OPERATIONAL,"17 Grant Ave, Etna, PA 15223",40.503687,-79.948875,1,4.2,468
ChIJF2TjvX_yNIgR2rajP8TTCM0,Park Bruges,OPERATIONAL,"5801 Bryant St, Pittsburgh, PA 15206",40.4761133,-79.9205928,2,4.6,687
ChIJz3cUGkLyNIgRWLMkcBK2edg,Taquitos #1,OPERATIONAL,"5101 Penn Ave, Pittsburgh, PA 15224",40.4651431,-79.94265109999999,1,4.7,226
ChIJtT84-2nyNIgRtZthPxJLhFc,People's Indian Restaurant,OPERATIONAL,"5147 Penn Ave #1, Pittsburgh, PA 15224",40.4649253,-79.9412052,1,4.5,622
ChIJNS-HZW7yNIgRosFKSl6w4L4,Primanti Bros. Restaurant and Bar Penn Ave,OPERATIONAL,"5491 Penn Ave, Pittsburgh, PA 15206",40.4643562,-79.9326492,1,4.1,961
ChIJzaNUQ2nyNIgRJMi6ohsLTuQ,BFG Café,OPERATIONAL,"5335 Penn Ave, Pittsburgh, PA 15224",40.4647383,-79.9371558,1,4.5,274
ChIJn862SEfyNIgRVibDFUOQzsI,Angelo's Pizzeria,OPERATIONAL,"4768 Liberty Ave, Pittsburgh, PA 15224",40.4607398,-79.9478879,1,4.4,566
ChIJl93RPCLzNIgRTN1yoqz3FJc,Black Lotus Pizza,OPERATIONAL,"4065 Penn Ave, Pittsburgh, PA 15224",40.4657139,-79.9555769,1,4.5,119
ChIJz3fkUU_yNIgRz8ny6o9Dcos,Taste of India,OPERATIONAL,"4320 Penn Ave, Pittsburgh, PA 15224",40.4658404,-79.95353500000002,2,4.3,356
ChIJLfzKFEfyNIgR6L1Z3Rj0Q2c,Ginza Japanese Restaurant,OPERATIONAL,"4734 Liberty Ave, Pittsburgh, PA 15224",40.4613846,-79.9488157,2,4.5,330
ChIJLy7o3xDyNIgR-cB2KQN8G9I,Girasole,OPERATIONAL,"733 Copeland St, Pittsburgh, PA 15232",40.451191,-79.93467869999999,2,4.4,843
ChIJC5P7sxHyNIgR6IoKrVoD-QY,Pasha Cafe & Lounge,OPERATIONAL,"808 Ivy St, Pittsburgh, PA 15232",40.4513013,-79.9322351,2,4.5,486
ChIJv-unHcvzNIgRAes227yxYVI,Masala House Indian Bistro,OPERATIONAL,"5102 Baum Blvd, Pittsburgh, PA 15224",40.4552906,-79.9436163,2,4.4,567
ChIJK0aB_hDyNIgRZTfaR-B3Ja4,Shady Grove,OPERATIONAL,"5500 Walnut St, Pittsburgh, PA 15232",40.4509172,-79.9335487,2,4.3,1137
ChIJb7SKCr3zNIgRuElCmbxa6BM,Tocayo Taqueria & Tequila,OPERATIONAL,"810 Ivy St, Pittsburgh, PA 15232",40.451243,-79.9322041,2,4.6,465
ChIJn4O9qBHyNIgRc9dX4Aodfz8,Mercurio's Shadyside,OPERATIONAL,"5523 Walnut St, Pittsburgh, PA 15232",40.4515375,-79.9329228,2,4.6,945
ChIJ4YqBhhXyNIgR6RZeY4TH8Us,Ritter's Diner,OPERATIONAL,"5221 Baum Blvd, Pittsburgh, PA 15224",40.4564001,-79.9412349,1,4.2,2414
ChIJFdDEVBjzNIgRzH8p4nOhS7U,EGE Mediterranean,OPERATIONAL,"190 N Craig St, Pittsburgh, PA 15213",40.4495707,-79.95046169999999,2,4.8,95
ChIJd3hRoCbyNIgR_0WAdbtJq5E,Sushi Fuku,OPERATIONAL,"415 S Craig St #3708, Pittsburgh, PA 15213",40.44468699999999,-79.94856999999999,,4.3,407
ChIJf1H49KXzNIgR-I5Odjiw84w,PITOK The Bistro - Eat. Drink. Connect.,OPERATIONAL,"5308 Liberty Ave, Pittsburgh, PA 15224",40.4560296,-79.9395435,,0,0
ChIJM9nnvfXzNIgRswPFCZ3qSQI,Thai Gourmet Food Truck (permanent),OPERATIONAL,"4380-4398 Bigelow Blvd, Pittsburgh, PA 15213",40.4452534,-79.95569549999999,,5,69
ChIJ-7qz81zzNIgRK5B95UI4tk0,Patron Pronto,OPERATIONAL,"411 S Craig St, Pittsburgh, PA 15213",40.4448483,-79.948578,,4.8,57
ChIJy9Po4h7yNIgR_nLyDFmCL6g,India On Wheels,OPERATIONAL,"4422 Bigelow Blvd, Pittsburgh, PA 15213",40.4451656,-79.95556959999999,1,4.5,130
ChIJayydoqzzNIgRDrjYoB3MSj8,TW Kitchen,OPERATIONAL,"192 N Craig St, Pittsburgh, PA 15213",40.4496259,-79.9503549,1,4.3,42
ChIJ9-KQqu3xNIgRQjuwNnAw5jE,Rialto Pizza,OPERATIONAL,"623 Greenfield Ave, Pittsburgh, PA 15207",40.4264582,-79.9387227,1,4.1,353
ChIJt1kaeofxNIgRbehlt6g1Vws,Spice Island Tea House,OPERATIONAL,"253 Atwood St, Pittsburgh, PA 15213",40.440027,-79.956004,2,4.5,451
ChIJZ_i-97XxNIgRo3cA0PG1Aqg,Pardon My Cheesesteak,OPERATIONAL,"400 Semple St, Pittsburgh, PA 15213",40.4368982,-79.95504609999999,,5,1
ChIJj8asgjHxNIgRF8MtNqy8v8U,Caprioni's Pizza,OPERATIONAL,"4239 Murray Ave, Pittsburgh, PA 15217",40.4221035,-79.9287179,,4.4,68
ChIJg4iqU1zxNIgRpPPslHG6YxA,Took Took 98 (Thai Street Food Restaurant),OPERATIONAL,"2018 Murray Ave, Pittsburgh, PA 15217",40.4341995,-79.92302509999999,2,4.4,224
ChIJfWX-mf7xNIgRE9ZKdBmUiFE,Tan Lac Vien Vietnamese Bistro,OPERATIONAL,"2114 Murray Ave, Pittsburgh, PA 15217",40.4332204,-79.9231702,2,4.4,365
ChIJt-D2X5_zNIgRz9ps_RHI-Og,Turkish Kebab House,OPERATIONAL,"5819 Forbes Ave, Pittsburgh, PA 15217",40.4381737,-79.92219039999999,1,4.5,791
ChIJffNccebxNIgR9JGg-4HwhFk,China Star,OPERATIONAL,"4219 Murray Ave #2903, Pittsburgh, PA 15217",40.4225885,-79.9286937,1,3.9,165
ChIJKZ-PwCbuNIgRCedS_Hs-mNQ,Red Robin Gourmet Burgers and Brews,OPERATIONAL,"175 E Waterfront Dr, Homestead, PA 15120",40.4098879,-79.91677779999999,2,4.1,1792
ChIJC_cs1ifuNIgR4UTy0P1V_9w,Bravo! Italian Kitchen,OPERATIONAL,"250 West Bridge St, West Homestead, PA 15120",40.406866,-79.91708009999999,2,4,1138
ChIJwRWXX97xNIgRt99JPMbLo5k,IHOP,OPERATIONAL,"4656 Browns Hill Rd, Pittsburgh, PA 15217",40.4149572,-79.9233366,1,3.4,2406
ChIJrURZDBLvNIgRudRNZ6bNUs8,El Campesino,OPERATIONAL,"152 East Bridge St, Homestead, PA 15120",40.4085939,-79.91515989999999,2,4.3,410
ChIJ17y4_tfxNIgRiNYoMwAI4PU,LongHorn Steakhouse,OPERATIONAL,"410 W Waterfront Dr, West Homestead, PA 15120",40.4042179,-79.91885289999999,2,4.1,1981
ChIJ5z-HyyjuNIgR5oOJBGmfS7I,MeLyng Restaurant,OPERATIONAL,"213 W 8th Ave, Homestead, PA 15120",40.4050505,-79.91400279999999,2,4,268
ChIJ5eBTWrbvNIgRCMBnysv8UtA,Hook Fish and Chicken Homestead-Waterfront,OPERATIONAL,"605 Amity St, Homestead, PA 15120",40.4078433,-79.91157659999999,2,4.3,154
ChIJYYxtuivuNIgRLssvlSmc8h4,Babylon Restaurant and Bar,OPERATIONAL,"879 Forest Ave, Homestead, PA 15120",40.4000216,-79.9155588,1,4.7,71
ChIJR3QtFSrvNIgRidSh82MVwoc,Fox's Diner,OPERATIONAL,"3716 Main St, Munhall, PA 15120",40.3838932,-79.904204,1,4.4,130
ChIJz2qPrzvuNIgRdQRLanwh1Eg,Hilda's Soul Food Kitchen,OPERATIONAL,"514 E 8th Ave, Munhall, PA 15120",40.4087435,-79.90468159999999,,4.3,29
ChIJY4Uyv8bzNIgR89Ztvg_SXlA,Dragon Palace,OPERATIONAL,"1714 Main St, Pittsburgh, PA 15215",40.4948646,-79.9226032,2,4.5,230
ChIJ3eJzZoTyNIgRFwR6eZysncc,Eddie's Pizza Haus,OPERATIONAL,"1744 Chislett St, Pittsburgh, PA 15206",40.4851514,-79.9258397,1,4.5,149
ChIJPzhyMsntNIgRlc9cLNcb12g,2 Sisters 2 Sons,OPERATIONAL,"1882 Main St, Pittsburgh, PA 15215",40.4941668,-79.9182392,,4,111
ChIJvTL5iH_yNIgRdO6KVGjHGXM,Smiling Banana Leaf,OPERATIONAL,"5901 Bryant St, Pittsburgh, PA 15206",40.4758509,-79.9195763,2,4.5,756
ChIJzRu8mX_yNIgRIXXPzSRbLMU,Teppanyaki Kyoto,OPERATIONAL,"5808 Bryant St Floor 1, Pittsburgh, PA 15206",40.4757522,-79.9204705,2,4.7,458
ChIJE5YAUp3yNIgRIJAi9h5VJmc,Lock & Dam Dog Shop,OPERATIONAL,"7331 Butler St, Pittsburgh, PA 15206",40.488025,-79.9198973,1,4.8,321
ChIJJxz2kG7tNIgRkLtJU8pyxo4,Cornerstone Restaurant & Bar,OPERATIONAL,"301 Freeport Rd, Aspinwall, PA 15215",40.4895932,-79.9033671,2,4.3,479
ChIJZ0X33G7tNIgRy7rYIQpbv14,Tavern In The Wall,OPERATIONAL,"211 Commercial Ave, Pittsburgh, PA 15215",40.4903624,-79.904648,2,4.5,239
ChIJj9G7-GXtNIgR3zBjezp8fGY,Efes Mediterranean Pizza,OPERATIONAL,"50 Freeport Rd #300, Aspinwall, PA 15215",40.4913831,-79.90809080000001,2,4.3,284
ChIJF8gWyH_yNIgR54cOZfU6tXw,Joseph Tambellini Restaurant,OPERATIONAL,"5701 Bryant St, Pittsburgh, PA 15206",40.4764964,-79.9214748,3,4.7,376
ChIJV7Ep6nbyNIgRZRxAbwKeAF8,Vento's Pizza,OPERATIONAL,"420 N Highland Ave, Pittsburgh, PA 15206",40.4644137,-79.9232512,1,4.4,638
ChIJDbCnsZnzNIgRiHI_XTdUWL0,Two Sisters Vietnamese Restaurant,OPERATIONAL,"216 N Highland Ave, Pittsburgh, PA 15206",40.4629081,-79.9240306,2,4.7,541
ChIJq6pueXPyNIgR_3Td6iT1jtw,Bird On The Run,OPERATIONAL,"128 S Highland Ave, Pittsburgh, PA 15206",40.4602541,-79.925118,2,4.3,845
ChIJwTXFF1bzNIgRBtuoDvqaDAk,Piada Italian Street Food,OPERATIONAL,"5996 Centre Ave Suite 202, Pittsburgh, PA 15206",40.4595035,-79.92530990000002,1,3.5,77
ChIJPWcNTYrzNIgR37erh1gupOE,Mola,OPERATIONAL,"6018 Penn Ave, Pittsburgh, PA 15206",40.46097899999999,-79.92415539999999,,4.6,402
ChIJta2mTC3zNIgRWWrI37jfR6Y,SoFresh,OPERATIONAL,"177 S Highland Ave Suite A-101, Pittsburgh, PA 15206",40.4593476,-79.92490579999999,2,4.3,169
ChIJT2aefnPyNIgRQ5S7I37vdJo,Kahuna,OPERATIONAL,"132 S Highland Ave, Pittsburgh, PA 15206",40.46013809999999,-79.9251304,1,4.4,238
ChIJyZk6TnTuNIgRYkbnt5HepOA,Square Cafe,OPERATIONAL,"134 S Highland Ave, Pittsburgh, PA 15206",40.4600351,-79.9251678,2,4.6,1402
ChIJ2U961ErzNIgR_Q6HvAae7_s,Duo's Taqueria,OPERATIONAL,"5906 Penn Ave, Pittsburgh, PA 15206",40.4618487,-79.9264805,,4.8,59
ChIJibTcXnTyNIgRGUl5vW35uPU,Choolaah,OPERATIONAL,"6114 Centre Ave, Pittsburgh, PA 15206",40.4602306,-79.92358329999999,2,4.5,1451
ChIJmWLN6GnzNIgRo8_Bfz1dHAw,BLUE SKY KITCHEN & BAR,OPERATIONAL,"211 N Whitfield St, Pittsburgh, PA 15206",40.4630991,-79.92535199999999,,4.7,58
ChIJAZ2LBnTyNIgRuOijoRkjvzI,Wallace's Whiskey Room & Kitchen,OPERATIONAL,"123 N Highland Ave, Pittsburgh, PA 15206",40.4621569,-79.9248813,2,3.9,84
ChIJtfj1dHTyNIgRufxtaSnXwO4,Capri Pizzeria and Bar,OPERATIONAL,"6001 Penn Ave, Pittsburgh, PA 15206",40.4616057,-79.92455609999999,1,4,393
ChIJeYLZfXPyNIgRWDOFw-mvS9g,Patron Mexican Grill,OPERATIONAL,"135 S Highland Ave, Pittsburgh, PA 15206",40.4601865,-79.9248896,2,4.3,1011
ChIJ85r6U3PyNIgRShRo4vMObTI,Mad Mex,OPERATIONAL,"220 S Highland Ave, Pittsburgh, PA 15206",40.4582664,-79.925322,2,4.3,1825
ChIJWQh7rAzyNIgR2SmJQjW3nAs,Noodlehead,OPERATIONAL,"242 S Highland Ave, Pittsburgh, PA 15206",40.457802,-79.92534409999999,1,4.6,2790
ChIJcUkTqHTyNIgRLy_IP94UFBA,Red Dragon Chinese Restaurant,OPERATIONAL,"213 S Highland Ave, Pittsburgh, PA 15206",40.4584958,-79.9246947,2,3.8,82
ChIJp_sbrxHyNIgRJSCP_0F4rSE,Pamela's | P&G Diner,OPERATIONAL,"5527 Walnut St #2, Pittsburgh, PA 15232",40.4516083,-79.93282219999999,1,4.5,1057
ChIJQ86AALDzNIgRx3FrHBuHwfQ,Selami’s Turkish Kebab House,OPERATIONAL,"5501 Centre Ave, Pittsburgh, PA 15232",40.4566726,-79.9363478,2,4.7,126
ChIJNfUt57vzNIgR-JxNmrSoOmU,The Shady Dog,OPERATIONAL,"Pittsburgh, PA 15224",40.4562894,-79.93888179999999,,4.8,42
ChIJ5R6OJibzNIgRj7PaeC0EYeE,Yoshino Asian Fusion,OPERATIONAL,"5440 Walnut St, Pittsburgh, PA 15232",40.4509388,-79.9339389,2,4.6,282
ChIJ5ZgTcwfzNIgRK-c2BoTZ9vc,Roots Natural Kitchen,OPERATIONAL,"5231 Liberty Ave, Pittsburgh, PA 15224",40.4571914,-79.9404019,1,4.3,77
ChIJ9Q-zXVPzNIgRxMq2OYHXA-k,Angela's Cafe,OPERATIONAL,"735 Copeland St, Pittsburgh, PA 15232",40.4511393,-79.9346265,,4.1,49
ChIJfcIfgRTyNIgRlnaFPGmBSX0,Nak Won Garden,OPERATIONAL,"5504 Centre Ave, Pittsburgh, PA 15232",40.4564738,-79.9361273,2,3.9,367
ChIJlV4y5yHyNIgRaaYa1zk7vYw,El Gallo de Oro,OPERATIONAL,"5000 Forbes Ave, Pittsburgh, PA 15213",40.4431595,-79.9419764,,3.5,73
ChIJp_sbrxHyNIgRy4d_3ltvJfA,La Feria,OPERATIONAL,"5527 Walnut St #2, Pittsburgh, PA 15232",40.45169,-79.9328239,2,4.3,152
ChIJz1h41wHyNIgR0AVlKsbGd4k,Bull River Taco Co.,OPERATIONAL,"1707 Murray Ave, Pittsburgh, PA 15217",40.4377293,-79.9227349,1,4.1,190
ChIJjWC6Ef_xNIgRyJodJrEpjAc,Sichuan Gourmet,OPERATIONAL,"1900 Murray Ave, Pittsburgh, PA 15217",40.4358226,-79.9230998,2,4.1,594
ChIJWzNtxbfzNIgRJXA9L56crus,98K Hamburger,OPERATIONAL,"5867 Forbes Ave, Pittsburgh, PA 15217",40.4382628,-79.9204194,2,4.1,109
ChIJ2TLs4XTxNIgRdosg14v5Zbk,Lucha Street Tacos - Squirrel Hill,OPERATIONAL,"2130 Murray Ave, Pittsburgh, PA 15217",40.43283599999999,-79.9231796,,3.5,44
ChIJ2bCX4u3zNIgRffs3LXEuos4,Kiin Lao & Thai Eatery,OPERATIONAL,"5846 Forbes Ave, Pittsburgh, PA 15217",40.4377594,-79.9211285,,4.4,207
ChIJHaUunP7xNIgRxkzGYOAIs3s,Coriander India Grill,OPERATIONAL,"2201 Murray Ave, Pittsburgh, PA 15217",40.4327196,-79.9229728,2,3.7,461
ChIJVVVJhf7xNIgRO6i9n8IDVUk,Yukiyama Japanese Restaurant,OPERATIONAL,"2121 Murray Ave, Pittsburgh, PA 15217",40.4331269,-79.9228921,1,4.3,98
ChIJ-7t67_7xNIgRT00uAV8ynN4,Napoli Pizzeria,OPERATIONAL,"2006 Murray Ave, Pittsburgh, PA 15217",40.4344143,-79.92299059999999,1,4.3,433
ChIJt4iTxpPxNIgR48jSGmbEhCI,Mr Egg's Kitchen,OPERATIONAL,"2209 Murray Ave, Pittsburgh, PA 15217",40.432505,-79.9230017,2,4,27
ChIJpZy2hejzNIgRQwot09jRySs,Pizza Bellino,OPERATIONAL,"5839 Forbes Ave, Pittsburgh, PA 15217",40.4382722,-79.921363,2,4.4,17
ChIJ3TSizQHyNIgR7BC1XJB1zFE,Thai & Noodle Outlet,OPERATIONAL,"5813 Forbes Ave, Pittsburgh, PA 15217",40.4381578,-79.9223715,2,4.5,276
ChIJc7q2DTvxNIgR5K3SOPvVKUw,diners 2+1,OPERATIONAL,"1722 Murray Ave, Pittsburgh, PA 15217",40.4372107,-79.92312249999999,2,4.5,211
ChIJB8xjqIDzNIgRMVrLT_jOZfw,Jian's Kitchen (品江南）,OPERATIONAL,"5824 Forbes Ave, Pittsburgh, PA 15217",40.4379359,-79.9218626,,4.3,130
ChIJl_sqJADyNIgRQFP6M9vWblk,Bangkok Balcony,OPERATIONAL,"5846 Forbes Ave, Pittsburgh, PA 15217",40.43792759999999,-79.92115539999999,2,4.3,344
ChIJF8MtFMLxNIgRon3pDMIjAhE,Teppan BBQ,OPERATIONAL,"2209 Murray Ave, Pittsburgh, PA 15217",40.4324819,-79.9230049,2,4.4,124
ChIJz2YHEADyNIgR3i06eMICpDM,Aladdin's Eatery Squirrel Hill,OPERATIONAL,"5878 Forbes Ave, Pittsburgh, PA 15217",40.437914,-79.9198735,2,4.5,687
ChIJh9UePtzzNIgRsWPBOb3uS9w,Upstreet Diner,OPERATIONAL,"1711 Murray Ave, Pittsburgh, PA 15217",40.4375861,-79.9227463,,4.6,53
ChIJLd3F_PzxNIgRDq8xAmHQ18Q,Chengdu Gourmet（Squirrel Hill),OPERATIONAL,"5840 Forward Ave, Pittsburgh, PA 15217",40.4293743,-79.9223239,2,4.4,706
ChIJdyHrh97xNIgRhSG-7v6c1So,Hokkaido Seafood Buffet,OPERATIONAL,"4612 Browns Hill Rd, Pittsburgh, PA 15217",40.4153911,-79.92420960000001,2,3.8,2409
ChIJl-ia3d3xNIgRgi7ZuCdv5AQ,Wendy's,OPERATIONAL,"4524 Browns Hill Rd, Pittsburgh, PA 15217",40.4163469,-79.925167,1,2.8,1319
ChIJo4Minv7xNIgRVktnEAAFCBU,New Dumpling & Sushi House,OPERATIONAL,"2138 Murray Ave, Pittsburgh, PA 15217",40.4326061,-79.9233686,1,4.2,295
ChIJPUJMmf7xNIgRGE-k0pnaxro,Mineo's Pizza House,OPERATIONAL,"2128 Murray Ave, Pittsburgh, PA 15217",40.432938,-79.92319549999999,2,4.5,2477
ChIJNQb4kTXvNIgR28OWKhmBjUc,Boards & Baskets,OPERATIONAL,"167 East Bridge St, Homestead, PA 15120",40.409381,-79.9152692,,4.1,28
ChIJFUN_XCbuNIgRbZKeXiNTMik,Primanti Bros. Restaurant and Bar Waterfront,OPERATIONAL,"152 East Bridge St, Homestead, PA 15120",40.408775,-79.915343,1,4.2,1351
ChIJr4lyDDzvNIgRwEMyDuJGbTI,UNO Pizzeria & Grill,OPERATIONAL,"205 E Waterfront Dr, Homestead, PA 15120",40.411517,-79.9146789,2,3.9,1207
ChIJfbhQ8ybuNIgRism6XaON7WQ,Rock Bottom Restaurant & Brewery,OPERATIONAL,"171 East Bridge St, Homestead, PA 15120",40.40963,-79.91501,2,3.8,782
ChIJZfc79TzuNIgRtcVJWIg10rw,Eat'n Park,OPERATIONAL,"245 E Waterfront Dr, Homestead, PA 15120",40.4119132,-79.9138043,1,3.8,1410
ChIJoWIvGqbvNIgRxaCC2kKPs9I,Twisted Tenders,OPERATIONAL,"171 East Bridge St, Homestead, PA 15120",40.4095843,-79.91511609999999,,0,0
ChIJXespLCbuNIgRoCcIjbfi6b8,P.F. Chang's,OPERATIONAL,"148 W Bridge St, West Homestead, PA 15120",40.4071506,-79.9160729,2,4,1830
ChIJOby4E-TvNIgRWcjBLfHJ-S4,Porked Lincoln Place,OPERATIONAL,"5203 Interboro Ave, Pittsburgh, PA 15207",40.3700495,-79.9127749,2,4.8,254
ChIJbSmxUxrwNIgR1-Qy9ffb8OE,Spencer's Down Under,OPERATIONAL,"426 Lebanon Rd, West Mifflin, PA 15122",40.3704391,-79.92816119999999,1,4.5,102
ChIJaS-HURrwNIgRsPvPdyaNp8U,Bishop's Pizza Vii,OPERATIONAL,"428 Lebanon Rd, West Mifflin, PA 15122",40.3703938,-79.92808590000001,,3.9,79
ChIJi6dGAe7vNIgRD8u8D8NqgRk,Stoney's Tacos & Burritos,OPERATIONAL,"3510 Main St, Munhall, PA 15120",40.3855204,-79.90345649999999,,4.1,50
ChIJ_TGEyUHxNIgRXuTTzVBYTz0,Ham N Eggers Diner,OPERATIONAL,"Hot Metal Plaza, 1025 Lebanon Rd A, West Mifflin, PA 15122",40.3606333,-79.93254759999999,,4.1,297
ChIJZ7XgSM_vNIgRjFMoZ2HB4WY,Pizza Burgh,OPERATIONAL,"3404 Main St, Munhall, PA 15120",40.38636899999999,-79.9028999,,4.1,98
ChIJj2qF_s3vNIgRtMnb-5E1wAg,Big Shot Bobs House of Wings-Munhall,OPERATIONAL,"3360 Main St Suite 200, Homestead, PA 15120",40.3868616,-79.90292459999999,2,3.9,89
ChIJfx-OTYb6NIgRdEPQWmBimw4,The Old Place Inn,OPERATIONAL,"1209 Streets Run Rd, Pittsburgh, PA 15236",40.351697,-79.9611924,2,4.4,393
ChIJq7rg2F_6NIgRTu592uOBYEw,Atria's Restaurant - Pleasant Hills,OPERATIONAL,"10 Old Clairton Rd, Pittsburgh, PA 15236",40.3402056,-79.96519169999999,2,4.4,882
ChIJoX9Yf5f6NIgRmurMKQ-lc3c,Bob Evans,OPERATIONAL,"2210 Lebanon Church Rd, West Mifflin, PA 15122",40.3480001,-79.9436393,2,4,1384
ChIJPyHnpZD6NIgRc2v8ZH0g_IQ,Applebee's Grill + Bar,OPERATIONAL,"2045 Lebanon Church Rd, Pittsburgh, PA 15122",40.34857590000001,-79.94808069999999,2,4.1,2112
ChIJ_aYUJZb6NIgRXVILUzxHQDU,Chili's Grill & Bar,OPERATIONAL,"2207 Mountain View Dr, West Mifflin, PA 15122",40.346332,-79.944114,2,4,1650
ChIJA5QPkm_6NIgROmQ1mX2xwG8,Bull River Taco Co.,OPERATIONAL,"4749 Clairton Blvd, Pittsburgh, PA 15236",40.3498511,-79.975921,1,4.5,515
ChIJgyVk2tj7NIgR7-z0S4Je1-g,Sagun Asian restaurant,OPERATIONAL,"4871 Clairton Blvd, Pittsburgh, PA 15236",40.34945949999999,-79.9755926,,4.8,99
ChIJ9VpOL_X6NIgRaEJucp4IwBk,Gali's Gyro And Grill,OPERATIONAL,"71-73 Clairton Blvd, Pittsburgh, PA 15236",40.3395482,-79.9615209,1,4.6,693
ChIJxVjNDED7NIgRi9DLmrFQjk0,Watami Hibachi Steak House,OPERATIONAL,"2033 Lebanon Church Rd, West Mifflin, PA 15122",40.3484462,-79.9488798,2,4.5,943
ChIJS0fGgpf6NIgRrDVAYR9Ran4,Denny's,OPERATIONAL,"2200 Lebanon Church Rd, West Mifflin, PA 15122",40.3480251,-79.9443582,1,4.1,1555
ChIJxVd0I2ntNIgR0HWArl8uf3s,Jambo Grill,OPERATIONAL,"Pittsburgh, PA 15206",40.4845292,-79.91843899999999,,2.6,24
ChIJD5J4R2HtNIgRmTcdMDvjCYg,CC's Cafe,OPERATIONAL,"2218 Main St, Pittsburgh, PA 15215",40.4935379,-79.91457679999999,2,4.5,154
ChIJl9Idur_tNIgRC4qSnGye370,Swahili Pizza,OPERATIONAL,"F3MJ+QP, Pittsburgh, PA 15206",40.4844678,-79.91812519999999,,3,2
ChIJK1hW6YTyNIgRTqozUZYSdHw,The Bulldog Pub,OPERATIONAL,"1818 Morningside Ave, Pittsburgh, PA 15206",40.4867684,-79.9266313,1,4.6,413
ChIJtfnvO5fyNIgRKIwKmG2SEz4,Pepperoni Rolls,OPERATIONAL,"1008 N Canal St, Pittsburgh, PA 15215",40.4947629,-79.93225819999999,,0,0
ChIJDWPOF5fyNIgRBv4qAV9rq3o,Beached,OPERATIONAL,"200 10th St, Sharpsburg, PA 15215",40.49518690000001,-79.9325159,,5,2
ChIJWSLuPqHzNIgRPwtYJJ0MS6E,Casa Brasil,OPERATIONAL,"5904 Bryant St, Pittsburgh, PA 15206",40.4755515,-79.9196683,,4.8,266
ChIJg0PTuiLzNIgRZiDiEC0UMCM,Applewood Smoke Burger Company,OPERATIONAL,"5719 Bryant St, Pittsburgh, PA 15206",40.47627629999999,-79.9209087,,4.8,123
ChIJj3iTlW7tNIgRqLv9pD2YJXE,Luke & Mike's Frontporch,OPERATIONAL,"235 Commercial Ave, Aspinwall, PA 15215",40.4901075,-79.9035545,2,4.4,185
ChIJs443ym7tNIgRHZNnFDOR-ik,Caliente Pizza & Drafthouse,OPERATIONAL,"225 Commercial Ave, Aspinwall, PA 15215",40.490291,-79.904024,2,4.3,647
ChIJj4ojx27tNIgRx_QkYjIhYMk,Casa Del Sole Pizza,OPERATIONAL,"222 1st St, Aspinwall, PA 15215",40.49042559999999,-79.90409559999999,1,4.6,126
ChIJA33CSGztNIgRnsDuTbLB5ZQ,Spice Affair,OPERATIONAL,"8 Brilliant Ave, Pittsburgh, PA 15215",40.489099,-79.9007219,2,4.5,557
ChIJyQ0Jh3XyNIgRqa_YXoFXgkY,The Fire Side Public House,OPERATIONAL,"6290 Broad St, Pittsburgh, PA 15206",40.460424,-79.919386,2,4.3,881
ChIJJ5Vo3wXzNIgR5dwpSgzW7_I,Gyro Guys,OPERATIONAL,"6025 Penn Ave, Pittsburgh, PA 15206",40.4613287,-79.92355409999999,,4.9,17
ChIJr9grg3TyNIgRDTLMzxnA_QY,Slice on Broadway - East Liberty,OPERATIONAL,"6004 Centre Ave, Pittsburgh, PA 15206",40.4597947,-79.9247639,2,4.2,333
ChIJZU5v0vbtNIgRMii7ACbO6JI,Point Brugge Cafe,OPERATIONAL,"401 Hastings St, Pittsburgh, PA 15206",40.4500932,-79.9139215,2,4.6,1081
ChIJ-xSPSIvtNIgROIxeTVTEcqM,Somi Restaurant,OPERATIONAL,"Located inside Galley, 145 Bakery Square Blvd, Pittsburgh, PA 15206",40.4568223,-79.91606120000002,,4,21
ChIJR2-dnCrtNIgR6a9zwrmhq6I,Bubba’s,OPERATIONAL,"151 Bakery Square Blvd, Pittsburgh, PA 15206",40.4565794,-79.91579639999999,,3.1,21
ChIJ_YiyhabtNIgRbCv35jqJfJ0,Galley Bakery Square,OPERATIONAL,"145 Bakery Square Blvd, Pittsburgh, PA 15206",40.4568222,-79.91606120000002,,4.5,1892
ChIJw6fvbfbtNIgRqWTFkxKrJTE,täkō tôrtä,OPERATIONAL,"122 Bakery Square Blvd, Pittsburgh, PA 15206",40.4565918,-79.9149589,,4.1,148
ChIJf8-9UXPyNIgR0MoGEhLB1VY,The Urban Tap,OPERATIONAL,"216 S Highland Ave, Pittsburgh, PA 15206",40.458414,-79.9255227,2,4.3,991
ChIJgRGc7WXuNIgRWWuiWGKgCI4,"Wings & A Prayer, LLC",OPERATIONAL,"226 Shady Ave, Pittsburgh, PA 15206",40.4588022,-79.9222184,2,4.5,152
ChIJl-J-t4rtNIgRpEmEk601GX8,China Garden Restaurant,OPERATIONAL,"6401 Penn Ave, Pittsburgh, PA 15206",40.4582772,-79.9168907,1,4.1,159
ChIJVwsiqHTyNIgRA4eK4lD0_PM,Pizza Parma,OPERATIONAL,"217 S Highland Ave, Pittsburgh, PA 15206",40.458398,-79.924797,2,3.8,309
ChIJR0IGCADyNIgRvOjy0MNoRTs,Taiwanese Bistro Cafe 33,OPERATIONAL,"1711 Shady Ave, Pittsburgh, PA 15217",40.437732,-79.91918480000001,2,4.5,1013
ChIJz-_0zDzuNIgRTAb9TlhSk7Q,Chick-fil-A,OPERATIONAL,"480 E Waterfront Dr, Homestead, PA 15120",40.41270919999999,-79.9078818,1,4.5,2174
ChIJCxrUdyXuNIgRMpNOGr5C0YA,Capri Pizza & Brew Pub,OPERATIONAL,"820 Amity St, Homestead, PA 15120",40.40633529999999,-79.9105529,2,3.6,249
ChIJj6OpKTvuNIgRohiSpwj2oNM,Lapko's Bar & Grill,OPERATIONAL,"340 E 8th Ave, Homestead, PA 15120",40.4085784,-79.90759539999999,,3.2,50
ChIJW8ApajbvNIgRQ9loNp2N3zc,Speedy Cafe,OPERATIONAL,"4420 Benezette St, Pittsburgh, PA 15217",40.3957146,-79.91588139999999,1,0,0
ChIJpwEtjenvNIgRz9LxzONY6ig,IT’S A WRAP!,OPERATIONAL,"231 E 20th Ave, Munhall, PA 15120",40.400251,-79.901202,,0,0
ChIJvRQmWs_vNIgRi05EnAgf32Q,The Pizza Company,OPERATIONAL,"3502 Main St, Munhall, PA 15120",40.3856964,-79.9032622,2,4.2,195
ChIJkfmBNs_vNIgRHnC0y_t6K0k,Dragon Chinese Cuisine,OPERATIONAL,"3360 Main St, Munhall, PA 15120",40.3867419,-79.9029372,1,4.2,141
ChIJJUWcot3vNIgR3RJs-mgehRI,What the Pho & Boba Tea Bar,OPERATIONAL,"3410 Main St, Munhall, PA 15120",40.3862116,-79.9030927,,4.2,5
ChIJRzmLR_fuNIgR_Oxqrw5-0es,Brassero Grill,OPERATIONAL,"532 Braddock Ave, Braddock, PA 15104",40.4038747,-79.8695688,2,4.6,218
ChIJ3TjCauTvNIgRdCnTzbVhSKM,The Pizza Stop,OPERATIONAL,"1315 Mifflin Rd # 3, Pittsburgh, PA 15207",40.36972,-79.91238799999999,2,3.9,69
ChIJY6oEu4flNIgR4g3s04IQ_ek,Tony's Restaurant & Grill,OPERATIONAL,"227 6th St, McKeesport, PA 15132",40.3500859,-79.8649112,,4.3,51
ChIJg5xj2orvNIgR0ti6cRQI8dw,Pasquale's Pizzeria,OPERATIONAL,"100 Bettis Rd, Dravosburg, PA 15034",40.35659709999999,-79.8960805,2,4.2,171
ChIJ4YFjYij7NIgRXPPrTGt77y0,The Burger Den,OPERATIONAL,"2200 Lebanon Church Rd, West Mifflin, PA 15122",40.3480103,-79.94432139999999,,0,0
ChIJrQ9TZl_lNIgRydoRcisWZwA,Mr Hoagie,OPERATIONAL,"4734 Lebanon Church Rd, Dravosburg, PA 15034",40.354413,-79.90082939999999,1,4.6,306
ChIJ3WcUgZf6NIgRUj1P8ssVasw,A&W Restaurant,OPERATIONAL,"2220 Lebanon Church Rd, West Mifflin, PA 15122",40.3480327,-79.9429342,1,3.4,415
ChIJFcC7m27tNIgRFI8aFDqbQ7g,Pasquale's Pizzeria,OPERATIONAL,"309 Freeport Rd, Aspinwall, PA 15215",40.489469,-79.90298419999999,1,4.4,116
ChIJe59DvhPtNIgRQHy359SGF0E,Burgatory,OPERATIONAL,"932 Freeport Rd, Pittsburgh, PA 15238",40.4891458,-79.8929315,2,4.2,1542
ChIJf3pm97XsNIgRAK5HRi4gYrE,Walnut Grill -Fox Chapel,OPERATIONAL,"911 Freeport Rd, Pittsburgh, PA 15238",40.4869395,-79.88896299999999,2,4.1,828
ChIJB3sjdsfsNIgR2rV5Lh1JcBI,Chili's Grill & Bar,OPERATIONAL,"855 Freeport Rd, Pittsburgh, PA 15238",40.486973,-79.891114,2,4,960
ChIJYbWigLXsNIgRVKwrXkzaj8g,Aladdin's Eatery Fox Chapel,OPERATIONAL,"929 Freeport Rd, Pittsburgh, PA 15215",40.4880547,-79.88816240000001,2,4.3,325
ChIJtfL375LtNIgRoaRaH6Jvl7A,Showcase Barbeque,OPERATIONAL,"6800 Frankstown Ave #1370, Pittsburgh, PA 15208",40.4581477,-79.9060442,1,4.5,1365
ChIJmccYg5LtNIgR2eNthmMJg_g,Hook Fish & Chicken,OPERATIONAL,"6960 Fifth Ave, Pittsburgh, PA 15208",40.4584483,-79.9078504,1,4,665
ChIJ9TDbxYrtNIgRObPCSOgy3AE,China Buffet,OPERATIONAL,"6401 Penn Ave, Pittsburgh, PA 15206",40.4581472,-79.9172,2,3.9,435
ChIJzwyZddvtNIgRs4e3uCsS1-s,Shumans Homewood,OPERATIONAL,"7210 Frankstown Ave, Pittsburgh, PA 15208",40.4570882,-79.8959338,2,3.9,202
ChIJy6fvtQntNIgRbwV3UV3y9jQ,GOOOD EATZ ON DALLAS,OPERATIONAL,"708 N Dallas Ave, Pittsburgh, PA 15208",40.4575705,-79.9040304,,0,0
ChIJ_TOmxfbtNIgREOzdauNQIus,Pino's,OPERATIONAL,"6738 Reynolds St, Pittsburgh, PA 15206",40.4503528,-79.91442769999999,2,4.6,294
ChIJhy57tOntNIgROFIEFKXVngs,Evergreen Cafe,OPERATIONAL,"7330 Penn Ave, Pittsburgh, PA 15208",40.4481519,-79.8986073,1,4.2,161
ChIJq1hYRLHtNIgRdCtW_bZslaA,Bosphorus Mediterranean Cuisine,OPERATIONAL,"7600 Forbes Ave, Pittsburgh, PA 15221",40.4395609,-79.8974168,2,4.5,798
ChIJXRrgsujtNIgRWwtHCcC6TG0,The Café at the Frick,OPERATIONAL,"7227 Reynolds St, Pittsburgh, PA 15208",40.447593,-79.901679,2,4.5,198
ChIJhf_eEmztNIgRtb3sUYxdgag,Dive Bar & Grille (Regent Square),OPERATIONAL,"607 S Braddock Ave, Pittsburgh, PA 15221",40.4394009,-79.89720779999999,2,4.3,156
ChIJY7-zEQDyNIgRnr2vhjLZ77w,Everyday Noodles,OPERATIONAL,"5875 Forbes Ave, Pittsburgh, PA 15217",40.4382538,-79.92010189999999,1,4.6,1720
ChIJx5twJ2zzNIgROW-CtRhUKys,Sakura Teppanyaki & Sushi,OPERATIONAL,"5882 Forbes Ave, Pittsburgh, PA 15217",40.43791299999999,-79.91968539999999,,4.1,71
ChIJf6kfwMLtNIgRXT8RnzFUh9s,El Burro,OPERATIONAL,"1113 S Braddock Ave, Pittsburgh, PA 15218",40.4325038,-79.8936512,1,4.2,533
ChIJBXsjpODtNIgRG6z6bTSjwNc,Park Pizza & Cream,OPERATIONAL,"7600 Forbes Ave, Pittsburgh, PA 15221",40.4395609,-79.8974166,1,4.3,167
ChIJ1-wrqeLzNIgRdgQMOvkxIuU,Amazing Dumplings,OPERATIONAL,"5882 Forbes Ave, Pittsburgh, PA 15217",40.4378362,-79.9196805,,4.7,28
ChIJ24QQrXXuNIgRBYsiNnow9JA,Thai Cottage,OPERATIONAL,"1109 S Braddock Ave, Pittsburgh, PA 15218",40.43253079999999,-79.89368689999999,2,4.7,505
ChIJG-eFCADyNIgRTaCHY2zqm1w,How Lee Chinese Restaurant,OPERATIONAL,"5888 Forbes Ave, Pittsburgh, PA 15217",40.43786,-79.919485,2,4,544
ChIJXR5HGADyNIgRlG94zJiYKZE,Ramen Bar,OPERATIONAL,"5860 Forbes Ave, Pittsburgh, PA 15217",40.437857,-79.92054399999999,2,4.5,1519
ChIJx8F6SBPuNIgR37zcJ7zXORk,Pub In the Park Inc,OPERATIONAL,"7034 Blackhawk St, Pittsburgh, PA 15218",40.42138629999999,-79.8975021,1,4.6,343
ChIJCYI0o2_uNIgRbqHvHofY0NE,GoodFellas Restaurant & Tavern,OPERATIONAL,"1915 McCague St, Pittsburgh, PA 15218",40.4224651,-79.88732279999999,1,4.4,435
ChIJuy95b2_uNIgR7DfHkTa7kxk,T's Restaurant & Lounge,OPERATIONAL,"7526 Washington Ave, Swissvale, PA 15218",40.4209575,-79.8863903,1,4,311
ChIJMeqPJWHlNIgRLbdJ5E1VkcE,Italian Village Pizza Dravosburg,OPERATIONAL,"412 Richland Ave, Dravosburg, PA 15034",40.3501229,-79.8938297,1,3.9,214
ChIJNW3Km3jvNIgRgzZ2RwnwgzQ,Jim's Famous Sauce Inc,OPERATIONAL,"2600 Skyline Dr, West Mifflin, PA 15122",40.3591832,-79.8739851,1,4.6,741
ChIJm3ChEwPvNIgR2vxk5DQkaGA,Potato Patch,OPERATIONAL,"4800 Kennywood Blvd, West Mifflin, PA 15122",40.388565,-79.8651048,,4.4,379
ChIJSdASQgPvNIgRBqVA4bnvd80,Parkside Cafe,OPERATIONAL,"4800 Kennywood Blvd, West Mifflin, PA 15122",40.38791399999999,-79.86463119999999,,3.7,24
ChIJzd4VsErtNIgRHQa3VqDnbgI,Mad Mex Waterworks,OPERATIONAL,"1041 Freeport Rd, Pittsburgh, PA 15238",40.4884157,-79.88551799999999,2,4.3,433
ChIJhQxuGDaTNIgRooR0K7xcCc4,Five Guys,OPERATIONAL,"1029 Freeport Rd, Pittsburgh, PA 15238",40.4880804,-79.88554959999999,2,4.4,429
ChIJeSSmJRLtNIgRBOgP766JQ7I,Eat'n Park,OPERATIONAL,"849 Freeport Rd, Pittsburgh, PA 15238",40.4870285,-79.89176239999999,1,3.9,1135
ChIJ13K0kUDtNIgRBTZWdoV4cDE,It's Just Wings,OPERATIONAL,"855 Freeport Rd, Pittsburgh, PA 15238",40.486973,-79.891114,2,1.4,5
ChIJweotuhHtNIgRWG1WxQOvrtI,Italian Village Pizza,OPERATIONAL,"979 Freeport Rd, Blawnox, PA 15238",40.4879288,-79.8870689,1,4,375
ChIJ-d12ncfsNIgRdZGi3XtccTQ,Wendy's,OPERATIONAL,"891 Freeport Rd, Pittsburgh, PA 15238",40.486926,-79.89063349999999,1,3.6,523
ChIJ0VPq8RvtNIgRj5Ga8BZOeHA,Chipotle Mexican Grill,OPERATIONAL,"1027 Freeport Rd, Pittsburgh, PA 15238",40.4880886,-79.8854891,1,3.6,643
ChIJeXsyPxztNIgRQU8o6puhbbM,Nancettas Ristorante,OPERATIONAL,"1200 Old Freeport Rd, Pittsburgh, PA 15238",40.4881195,-79.8781304,,3.8,121
ChIJP-ftn8rsNIgRKFmLqVQEOs4,Uncle Sam’s Sandwich Bar,OPERATIONAL,"936 Freeport Rd, Pittsburgh, PA 15238",40.48918340000001,-79.8928436,2,4.4,446
ChIJwYhgkRvtNIgRK63EMxSwOaM,Zoup!,OPERATIONAL,"1137 Freeport Rd, Blawnox, PA 15238",40.4884345,-79.8810026,1,4.5,163
ChIJ0wHrjeHsNIgRRUPEhw6Y2iQ,Atria's Restaurant - O’Hara,OPERATIONAL,"1374 Freeport Rd, Pittsburgh, PA 15238",40.4892842,-79.8726622,2,4.3,658
ChIJMzWYo7TtNIgRJKRSaMn2IvY,Simmie's Restaurant,OPERATIONAL,"8500 Frankstown Rd, Pittsburgh, PA 15235",40.4581335,-79.8755627,2,4.2,321
ChIJh2VfbdDtNIgR4IYd6LRqoLU,B's Restaurant,OPERATIONAL,"902 Wood St, Pittsburgh, PA 15221",40.4430063,-79.8849797,,3.9,13
ChIJUb5wEu3tNIgRivUh-Ckdlo4,IV Seasons Barbecue,OPERATIONAL,"8007 Frankstown Ave, Pittsburgh, PA 15221",40.455682,-79.884057,,4.4,95
ChIJ124PqiPtNIgRA-U3vYMZElE,876 Island Spice Authentic Jamaican Restaurant,OPERATIONAL,"7930 Frankstown Ave, Pittsburgh, PA 15221",40.4552279,-79.8847693,,4.4,127
ChIJhZT5r9XtNIgRoapjTzxiSk8,Cuddy’s,OPERATIONAL,"7901 Tioga St, Pittsburgh, PA 15208",40.4502752,-79.8865421,2,4.1,38
ChIJV6x6LsHtNIgRwp7VohSDHT4,The Dream BBQ,OPERATIONAL,"7600 N Braddock Ave, Pittsburgh, PA 15208",40.4529666,-79.8910418,,4.3,353
ChIJYX8MOr_tNIgRy3u8brxJ7Vc,Misha's Gallery Restaurant,OPERATIONAL,"7355 Frankstown Ave, Pittsburgh, PA 15208",40.4565241,-79.8919942,,3,4
ChIJLSSPhtrtNIgRU7-0N5Gk5to,Nancy's Revival,OPERATIONAL,"616 South Ave, Pittsburgh, PA 15221",40.4421951,-79.8862232,1,4.4,597
ChIJ82OtyBftNIgRRQSM8FG4Nzo,LuLu's By Soulful Finesse,OPERATIONAL,"1027 Wood St, Pittsburgh, PA 15221",40.444378,-79.8844561,,4.4,95
ChIJI-tEd9DtNIgR59mwtGJt5pU,Soul Food Connection,OPERATIONAL,"819 Wood St, Pittsburgh, PA 15221",40.4425476,-79.88548089999999,1,4.4,181
ChIJH8JDCNDtNIgRRod0cPfa23Q,Salvatore's Pizza House,OPERATIONAL,"612 Penn Ave, Pittsburgh, PA 15221",40.44359,-79.88557949999999,2,4.3,1090
ChIJX8zp4sLtNIgR-Y_LhQ6wDe0,Peppi's,OPERATIONAL,"7619 Penn Ave, Pittsburgh, PA 15221",40.4469077,-79.8941157,1,4.4,348
ChIJqXr2PsPtNIgRwLgSS75mbwg,Wendy's,OPERATIONAL,"116 Peebles St, Wilkinsburg, PA 15221",40.4461558,-79.8931801,1,3.4,1166
ChIJe6WMlXnuNIgRgKj270LJxlE,Thai Terrace,OPERATIONAL,"247 Edgewood Ave, Pittsburgh, PA 15218",40.430514,-79.88407699999999,2,4.6,140
ChIJN3RDUXTuNIgR6nGsrFqr8E8,D's Six Pax and Dogz,OPERATIONAL,"1118 S Braddock Ave, Swissvale, PA 15218",40.4320975,-79.8936623,1,4.6,1341
ChIJcXYvybHtNIgRhogrSzsr018,Perfection At it's Best Catering,OPERATIONAL,"764 Penn Ave, Pittsburgh, PA 15221",40.4429915,-79.882976,,4.8,8
ChIJMeFNAFnxNIgR62Y1n_exNUU,Istanbul Grille,OPERATIONAL,"1103 S Braddock Ave, Pittsburgh, PA 15218",40.4327298,-79.89381759999999,2,4.8,321
ChIJl_9_Th7tNIgRHQIxMhiG12A,Mercurio’s O’Hara,OPERATIONAL,"1335 Freeport Rd # 2, Pittsburgh, PA 15238",40.4897105,-79.8739026,2,4.6,208
ChIJFXoxAB7tNIgRgUTMEbQoTpY,Jimmy Wan's Restaurant and Lounge,OPERATIONAL,"1337 Old Freeport Rd, Pittsburgh, PA 15238",40.4888954,-79.87452739999999,2,4.4,752
ChIJB_w6i-LsNIgRtBN8BnU2hfI,Baja Bar & Grill,OPERATIONAL,"1366 Old Freeport Rd, Pittsburgh, PA 15238",40.48558980000001,-79.8724615,2,4.2,245
ChIJUV9ncGztNIgROVvr-WUewtU,Taipei Chinese Restaurant,OPERATIONAL,"1124 Freeport Rd, Pittsburgh, PA 15238",40.4876362,-79.8805843,2,4.7,135
ChIJO_re-1DtNIgRM7Jm7wMRdRI,Chick-fil-A,OPERATIONAL,"1175 Freeport Rd, Pittsburgh, PA 15238",40.4882904,-79.8797196,1,4.1,453
ChIJxYyoXHjtNIgR6SPP8SCqdUE,"New York Super Subs, Fox Chapel",OPERATIONAL,"1122 Freeport Rd, Pittsburgh, PA 15238",40.4875805,-79.8809881,2,4.4,122
ChIJk2Q599HtNIgRZSPwRbN832g,Jean’s Southern Cuisine,OPERATIONAL,"807 Wallace Ave, Pittsburgh, PA 15221",40.4437851,-79.8805148,1,4.3,270
ChIJqTNHt9HtNIgRaGDt_O_wA5Q,Fireside Caribbean Restaurant,OPERATIONAL,"796 Penn Ave, Pittsburgh, PA 15221",40.4427209,-79.882143,2,4.4,650
ChIJrYHqMdLtNIgRVi-ryq4xPqY,Penn Fish & chicken - Wilkinsburg,OPERATIONAL,"1000 Penn Ave, Pittsburgh, PA 15221",40.441728,-79.87930150000001,1,4.1,249
ChIJvwywU5ftNIgRiFC2ddY1L9Q,Happy Mart Kitchen,OPERATIONAL,"1100 Penn Ave, Pittsburgh, PA 15221",40.44094330000001,-79.8774773,,3,2
ChIJwWWdrjPsNIgRdvl7HeizUeg,Royal Caribbean Takeout & Delivery,OPERATIONAL,"1568 Montier St, Pittsburgh, PA 15221",40.44590460000001,-79.8711264,2,4.3,356
ChIJl8psfbrtNIgRThzv2z41Qj4,Soul4realkitchen,OPERATIONAL,"2796 Robinson Blvd, Penn Hills, PA 15235",40.4603833,-79.865667,,5,1
ChIJ-esDnOTtNIgRyVqDxtRLOMA,Chopstick House,OPERATIONAL,"2798 Robinson Blvd, Pittsburgh, PA 15235",40.4603841,-79.8656788,,3.6,24
ChIJI0pyepPtNIgRuyXbdj4LCkA,Rockin Ribs,OPERATIONAL,"1695 Laketon Rd, Pittsburgh, PA 15221",40.4492047,-79.867651,,4.5,15
